StartDate,EndDate,Status,Progress,Duration (in seconds),Finished,RecordedDate,ResponseId,RecipientLastName,RecipientFirstName,RecipientEmail,ExternalReference,DistributionChannel,UserLanguage,Consent_BBB,Consent_Prolific,ParticipantID,Metainfo_Browser,Metainfo_Version,Metainfo_Operating System,Metainfo_Resolution,govt_trust_1,govt_trust_2,govt_trust_3,govt_trust_4,internet_trust_1,internet_trust_2,internet_trust_3,internet_trust_4,internet_trust_5,internet_trust_6,internet_trust_7,internet_trust_8,ssa_trust_1,ssa_trust_2,ssa_trust_3,ssa_trust_4,ssa_trust_5,ssa_trust_6,ssa_trust_7,ssa_trust_8,ssa_trust_9,ssa_trust_10,OnlineShopping,BID,surveyArm,PROLIFIC_PID,PID
7/19/2022 20:01,7/19/2022 20:03,IP Address,100,75,TRUE,7/19/2022 20:03,R_3q8ziZjBWxBvGps,,,,,anonymous,EN,,Yes,dfff,Chrome,103.0.0.0,Windows NT 10.0,1366x768,Very little,,,,Disagree,Slightly Agree,Slightly Disagree,Disagree,Slightly Disagree,Slightly Agree,Slightly Agree,Slightly Agree,Slightly Agree,Neither Agree nor Disagree,Neither Agree nor Disagree,Neither Agree nor Disagree,Neither Agree nor Disagree,Neither Agree nor Disagree,Neither Agree nor Disagree,Slightly Disagree,Slightly Disagree,Disagree,A few times a year,,arm4_interactive,,dfff
7/19/2022 20:56,7/19/2022 20:57,IP Address,100,28,TRUE,7/19/2022 20:57,R_1DMtP5BNfIRdOPe,,,,,anonymous,EN,,Yes,,Chrome,103.0.0.0,Windows NT 10.0,1366x768,Very little,,Never,,,,,Slightly Disagree,,,,Strongly Disagree,,,,,,,,,,,A few times a year,,arm1_control,stevr,stevr
7/19/2022 21:04,7/19/2022 21:09,IP Address,100,263,TRUE,7/19/2022 21:09,R_zdOpPwj762AqFYB,,,,,anonymous,EN,,Yes,,Chrome,103.0.0.0,Macintosh,1440x900,Very little,Angry,Only some of the time,Government should do more to solve problems.,Slightly Agree,Slightly Disagree,Neither Agree nor Disagree,Slightly Agree,Slightly Agree,Agree,Strongly Agree,Disagree,Slightly Agree,Agree,Slightly Disagree,Strongly Disagree,Slightly Disagree,Slightly Disagree,Disagree,Slightly Agree,Slightly Disagree,Strongly Disagree,Once a month,,arm4_interactive,61081e56eef3ebeb3f9e684c,61081e56eef3ebeb3f9e684c
7/19/2022 21:05,7/19/2022 21:09,IP Address,100,248,TRUE,7/19/2022 21:09,R_tGVejYuUzNVUOlP,,,,,anonymous,EN,,Yes,,Chrome,103.0.0.0,Android 9,1280x800,Very little,Frustrated,Never,Government is doing too many things better left to businesses and individuals.,Disagree,Neither Agree nor Disagree,Neither Agree nor Disagree,,Slightly Agree,Agree,Slightly Agree,Slightly Agree,Disagree,Slightly Disagree,Slightly Disagree,Slightly Disagree,Neither Agree nor Disagree,Slightly Disagree,Slightly Disagree,Slightly Disagree,Slightly Disagree,Disagree,A few times a year,,arm1_control,5dbf75c626c04c401a4fbf25,5dbf75c626c04c401a4fbf25
7/19/2022 21:19,7/19/2022 21:23,IP Address,100,229,TRUE,7/19/2022 21:23,R_1Cx3UO0yDPn3GFD,,,,,anonymous,EN,,Yes,,Chrome,103.0.0.0,Windows NT 10.0,2560x1440,Some,Frustrated,Only some of the time,Government is doing too many things better left to businesses and individuals.,Slightly Agree,Slightly Agree,Disagree,Slightly Agree,Slightly Agree,Agree,Agree,Agree,Agree,Neither Agree nor Disagree,Slightly Disagree,Slightly Disagree,Slightly Disagree,Slightly Disagree,Slightly Disagree,Neither Agree nor Disagree,Slightly Agree,Slightly Disagree,A few times a year,,arm4_interactive,62d75d5fa23434697e1c6957,62d75d5fa23434697e1c6957
7/19/2022 21:21,7/19/2022 21:24,IP Address,100,203,TRUE,7/19/2022 21:24,R_QlFpLFnBzVDD0xH,,,,,anonymous,EN,,Yes,,Chrome,102.0.0.0,CrOS x86_64 14695.107.0,1366x768,Some,Angry,Only some of the time,Government should do more to solve problems.,Slightly Agree,Slightly Disagree,Slightly Disagree,Neither Agree nor Disagree,Slightly Disagree,Slightly Agree,Agree,Slightly Agree,Agree,Agree,Agree,Agree,Slightly Agree,Agree,Neither Agree nor Disagree,Agree,Slightly Agree,Disagree,A few times a year,,arm1_control,5e2a1555291a2b000bb47387,5e2a1555291a2b000bb47387
7/19/2022 21:22,7/19/2022 21:26,IP Address,100,225,TRUE,7/19/2022 21:26,R_1I64F9W7WoRqlbw,,,,,anonymous,EN,,Yes,,Safari iPhone,14.1.2,iPhone,375x667,Very little,Frustrated,Only some of the time,Government should do more to solve problems.,Agree,Slightly Agree,Slightly Disagree,Slightly Agree,Slightly Agree,Slightly Agree,Strongly Agree,Slightly Agree,Neither Agree nor Disagree,Neither Agree nor Disagree,Neither Agree nor Disagree,Neither Agree nor Disagree,Neither Agree nor Disagree,Neither Agree nor Disagree,Neither Agree nor Disagree,Neither Agree nor Disagree,Neither Agree nor Disagree,Neither Agree nor Disagree,Once a month,,arm4_interactive,60fc8f87e8ad692447b04247,60fc8f87e8ad692447b04247
7/19/2022 21:21,7/19/2022 21:26,IP Address,100,272,TRUE,7/19/2022 21:26,R_33s7w6xsFl7RxUX,,,,,anonymous,EN,,Yes,,Safari iPad,14.0.3,iPad,768x1024,Some,Angry,Only some of the time,Government should do more to solve problems.,Slightly Agree,Slightly Agree,Neither Agree nor Disagree,Slightly Agree,Slightly Agree,Slightly Agree,Strongly Agree,Slightly Agree,Agree,Neither Agree nor Disagree,Neither Agree nor Disagree,Slightly Disagree,Neither Agree nor Disagree,Neither Agree nor Disagree,Neither Agree nor Disagree,Neither Agree nor Disagree,Neither Agree nor Disagree,Neither Agree nor Disagree,A few times a year,,arm1_control,6049ce85639e9d9230d2b09b,6049ce85639e9d9230d2b09b
7/19/2022 21:23,7/19/2022 21:27,IP Address,100,209,TRUE,7/19/2022 21:27,R_1IF2UjJC9YcnV4b,,,,,anonymous,EN,,Yes,,Chrome,103.0.0.0,Macintosh,1440x900,Some,Angry,Only some of the time,Government should do more to solve problems.,Slightly Agree,Slightly Disagree,Slightly Disagree,Slightly Agree,Slightly Disagree,Slightly Agree,Agree,Slightly Agree,Slightly Agree,Slightly Agree,Slightly Agree,Slightly Disagree,Slightly Agree,Neither Agree nor Disagree,Slightly Disagree,Slightly Agree,Slightly Agree,Slightly Disagree,Once a week,,arm1_control,62d59ab6f7d966eece474824,62d59ab6f7d966eece474824
7/19/2022 21:27,7/19/2022 21:29,IP Address,100,117,TRUE,7/19/2022 21:29,R_2fqCH3uKjpjCxAl,,,,,anonymous,EN,,Yes,,Chrome,102.0.5005.61,Macintosh,1440x900,Very little,Angry,Never,Government should do more to solve problems.,Slightly Disagree,Strongly Disagree,Disagree,Neither Agree nor Disagree,Agree,Slightly Agree,Agree,Agree,Disagree,Slightly Disagree,Slightly Disagree,Slightly Disagree,Slightly Disagree,Slightly Disagree,Slightly Disagree,Slightly Disagree,Slightly Disagree,Disagree,Once a week,,arm4_interactive,610c3066bbb42412a69d8597,610c3066bbb42412a69d8597
7/19/2022 21:27,7/19/2022 21:30,IP Address,100,168,TRUE,7/19/2022 21:30,R_SOxAbN5Lt28rJvz,,,,,anonymous,EN,,Yes,,Chrome,100.0.4896.58,Android 9,360x720,Some,Frustrated,Only some of the time,Government should do more to solve problems.,Slightly Agree,Agree,Neither Agree nor Disagree,Slightly Agree,Slightly Disagree,Neither Agree nor Disagree,Strongly Agree,Neither Agree nor Disagree,Agree,Agree,Agree,Agree,Agree,Agree,Agree,Agree,Agree,Agree,A few times a year,,arm1_control,5ded1ccecaeb603e2d2dfc70,5ded1ccecaeb603e2d2dfc70
7/19/2022 21:25,7/19/2022 21:31,IP Address,100,355,TRUE,7/19/2022 21:31,R_9nUsWDU2so3QpeF,,,,,anonymous,EN,,Yes,,Chrome,103.0.0.0,Macintosh,1440x900,Very little,Frustrated,Never,Government is doing too many things better left to businesses and individuals.,Slightly Agree,Slightly Agree,Disagree,Slightly Disagree,Slightly Agree,Slightly Agree,Agree,Slightly Agree,Agree,Agree,Agree,Agree,Agree,Slightly Agree,Slightly Agree,Slightly Agree,Agree,Slightly Disagree,Once a month,,arm4_interactive,612a90d96190d24a55b520cf,612a90d96190d24a55b520cf
7/19/2022 21:28,7/19/2022 21:31,IP Address,100,221,TRUE,7/19/2022 21:31,R_tYZt0d5ocaIgotr,,,,,anonymous,EN,,Yes,,Chrome,87.0.4280.141,Macintosh,1280x800,Some,Frustrated,Only some of the time,Government should do more to solve problems.,Slightly Agree,Agree,Slightly Agree,Slightly Agree,Disagree,Disagree,Strongly Agree,Disagree,Slightly Agree,Slightly Agree,Slightly Agree,Neither Agree nor Disagree,Slightly Agree,Slightly Agree,Neither Agree nor Disagree,Neither Agree nor Disagree,Slightly Agree,Slightly Disagree,Once a month,,arm4_interactive,60fce5f439f44a75b13cb2cf,60fce5f439f44a75b13cb2cf
7/19/2022 21:28,7/19/2022 21:32,IP Address,100,205,TRUE,7/19/2022 21:32,R_ZylpPQ6HIxTtutr,,,,,anonymous,EN,,Yes,,Safari,15.5,Macintosh,820x1180,Very little,Frustrated,Only some of the time,Government should do more to solve problems.,Neither Agree nor Disagree,Slightly Agree,Neither Agree nor Disagree,Slightly Agree,Slightly Disagree,Neither Agree nor Disagree,Agree,Slightly Disagree,Neither Agree nor Disagree,Neither Agree nor Disagree,Neither Agree nor Disagree,Neither Agree nor Disagree,Neither Agree nor Disagree,Neither Agree nor Disagree,Neither Agree nor Disagree,Slightly Agree,Neither Agree nor Disagree,Neither Agree nor Disagree,A few times a week / Daily,,arm1_control,62cf91b8ec3a04e1c638d13c,62cf91b8ec3a04e1c638d13c
7/19/2022 21:29,7/19/2022 21:34,IP Address,100,251,TRUE,7/19/2022 21:34,R_1SQEodh3ugtLGLv,,,,,anonymous,EN,,Yes,,Firefox,101,Macintosh,2560x1440,Some,Angry,Never,Government should do more to solve problems.,Slightly Agree,Slightly Agree,Slightly Disagree,Agree,Slightly Agree,Slightly Agree,Agree,Slightly Agree,Agree,Agree,Slightly Agree,Slightly Agree,Neither Agree nor Disagree,Neither Agree nor Disagree,Neither Agree nor Disagree,Neither Agree nor Disagree,Slightly Agree,Slightly Disagree,Once a month,,arm4_interactive,5bf625a63b6cdc00010fb7c6,5bf625a63b6cdc00010fb7c6
7/19/2022 21:30,7/19/2022 21:35,IP Address,100,301,TRUE,7/19/2022 21:35,R_vGluWJFqC9vnA5z,,,,,anonymous,EN,,Yes,,Firefox,102,Android 11,414x920,Very little,Frustrated,Only some of the time,Government should do more to solve problems.,Agree,Slightly Disagree,Slightly Agree,Agree,Disagree,Slightly Disagree,Slightly Disagree,Disagree,Slightly Agree,Slightly Agree,Slightly Agree,Slightly Agree,Slightly Agree,Slightly Agree,Neither Agree nor Disagree,Slightly Agree,Slightly Agree,Slightly Agree,Once a month,,arm1_control,62b9b517c8aafafc0fc0df1c,62b9b517c8aafafc0fc0df1c
7/19/2022 21:28,7/19/2022 21:37,IP Address,100,532,TRUE,7/19/2022 21:37,R_1FeqI0eQwwIUjGm,,,,,anonymous,EN,,Yes,,Firefox,102,Windows NT 10.0,1280x720,Some,Angry,Never,Government is doing too many things better left to businesses and individuals.,Neither Agree nor Disagree,Neither Agree nor Disagree,Neither Agree nor Disagree,Slightly Agree,Slightly Agree,Neither Agree nor Disagree,Strongly Agree,Disagree,Neither Agree nor Disagree,Slightly Agree,Neither Agree nor Disagree,Disagree,Agree,Strongly Disagree,Neither Agree nor Disagree,Slightly Agree,Slightly Agree,Slightly Agree,Once a week,,arm1_control,5d2d0fb9f4b87b0001f0acff,5d2d0fb9f4b87b0001f0acff
7/19/2022 21:33,7/19/2022 21:37,IP Address,100,252,TRUE,7/19/2022 21:37,R_3oEMv0Aru7sJYpg,,,,,anonymous,EN,,Yes,,Chrome,103.0.0.0,Windows NT 10.0,1920x1080,Some,Angry,Only some of the time,Government is doing too many things better left to businesses and individuals.,Slightly Agree,Disagree,Disagree,Slightly Disagree,Slightly Disagree,Neither Agree nor Disagree,Disagree,Strongly Disagree,Neither Agree nor Disagree,Neither Agree nor Disagree,Disagree,Disagree,Neither Agree nor Disagree,Disagree,Disagree,Disagree,Disagree,Disagree,Once a week,,arm4_interactive,5fd9ad6dab00c64c8a45c9fc,5fd9ad6dab00c64c8a45c9fc
7/19/2022 21:34,7/19/2022 21:38,IP Address,100,250,TRUE,7/19/2022 21:38,R_DTyR8WPQifiDZVT,,,,,anonymous,EN,,Yes,,Chrome,96.0.4664.104,Android 12,360x760,Some,Angry,Only some of the time,Government should do more to solve problems.,Slightly Agree,Slightly Agree,Slightly Agree,Slightly Agree,Slightly Disagree,Slightly Disagree,Agree,Slightly Disagree,Slightly Agree,Slightly Agree,Slightly Agree,Neither Agree nor Disagree,Neither Agree nor Disagree,Neither Agree nor Disagree,Slightly Disagree,Slightly Agree,Neither Agree nor Disagree,Slightly Disagree,Once a month,,arm1_control,614f7e3376309eebe69f5911,614f7e3376309eebe69f5911
7/19/2022 21:35,7/19/2022 21:39,IP Address,100,216,TRUE,7/19/2022 21:39,R_3HMmyJ1TNgadGny,,,,,anonymous,EN,,Yes,,Chrome,103.0.0.0,Windows NT 10.0,1920x1080,Very little,Frustrated,Only some of the time,Government should do more to solve problems.,Slightly Disagree,Slightly Disagree,Disagree,Neither Agree nor Disagree,Agree,Agree,Strongly Agree,Agree,Agree,Strongly Agree,Agree,Neither Agree nor Disagree,Slightly Agree,Slightly Agree,Slightly Disagree,Neither Agree nor Disagree,Slightly Agree,Slightly Disagree,Once a month,,arm4_interactive,6094de19cfc374df110c2781,6094de19cfc374df110c2781
7/19/2022 21:38,7/19/2022 21:40,IP Address,100,121,TRUE,7/19/2022 21:40,R_1Kp4luD1Lxl4HXv,,,,,anonymous,EN,,Yes,,Chrome,103.0.0.0,Windows NT 10.0,1500x1000,Quite a lot,Frustrated,Only some of the time,Government should do more to solve problems.,Disagree,Strongly Disagree,Strongly Disagree,Agree,Agree,Agree,Agree,Slightly Agree,Slightly Agree,Slightly Disagree,Agree,Neither Agree nor Disagree,Agree,Neither Agree nor Disagree,Neither Agree nor Disagree,Disagree,Neither Agree nor Disagree,Slightly Disagree,A few times a year,,arm1_control,5ff17f71b9b6090e4fa1841c,5ff17f71b9b6090e4fa1841c
7/19/2022 21:37,7/19/2022 21:42,IP Address,100,264,TRUE,7/19/2022 21:42,R_3g5hdV6zY3433ML,,,,,anonymous,EN,,Yes,,Chrome,103.0.0.0,Macintosh,1440x900,Some,Frustrated,Only some of the time,Government should do more to solve problems.,Slightly Agree,Slightly Agree,Strongly Agree,Slightly Agree,Slightly Disagree,Agree,Strongly Agree,Slightly Disagree,Slightly Agree,Slightly Disagree,Neither Agree nor Disagree,Neither Agree nor Disagree,Neither Agree nor Disagree,Neither Agree nor Disagree,Neither Agree nor Disagree,Neither Agree nor Disagree,Neither Agree nor Disagree,Agree,Once a month,,arm4_interactive,6112c41594f3554753002797,6112c41594f3554753002797
7/19/2022 21:39,7/19/2022 21:42,IP Address,100,158,TRUE,7/19/2022 21:42,R_1NzFDKPbmMQn6gu,,,,,anonymous,EN,,Yes,,Chrome,103.0.0.0,Windows NT 10.0,1536x864,Some,Frustrated,Only some of the time,Government should do more to solve problems.,Agree,Slightly Agree,Neither Agree nor Disagree,Agree,Slightly Disagree,Neither Agree nor Disagree,Agree,Slightly Agree,Slightly Agree,Slightly Agree,Slightly Agree,Slightly Agree,Slightly Agree,Neither Agree nor Disagree,Slightly Agree,Neither Agree nor Disagree,Slightly Agree,Slightly Agree,Once a week,,arm1_control,5f90869547ff2e159dd64902,5f90869547ff2e159dd64902
7/19/2022 21:40,7/19/2022 21:43,IP Address,100,131,TRUE,7/19/2022 21:43,R_1QDUWEe2vO7XV11,,,,,anonymous,EN,,Yes,,Firefox,102,Android 11,414x920,Very little,Frustrated,Only some of the time,Government should do more to solve problems.,Agree,Agree,Agree,Agree,Disagree,Slightly Disagree,Agree,Slightly Disagree,Agree,Slightly Agree,Agree,Slightly Agree,Agree,Slightly Agree,Agree,Agree,Agree,Agree,Once a month,,arm4_interactive,62b9b517c8aafafc0fc0df1c,62b9b517c8aafafc0fc0df1c
7/19/2022 21:37,7/19/2022 21:45,IP Address,100,498,TRUE,7/19/2022 21:45,R_3qTJBV2z37tqjl6,,,,,anonymous,EN,,Yes,,Chrome,103.0.0.0,Windows NT 10.0,1707x960,Some,Frustrated,Most of the time,Government should do more to solve problems.,Slightly Disagree,Disagree,Disagree,Slightly Agree,Slightly Disagree,Slightly Agree,Slightly Agree,Slightly Agree,Slightly Agree,Slightly Agree,Slightly Agree,Neither Agree nor Disagree,Slightly Agree,Slightly Agree,Neither Agree nor Disagree,Neither Agree nor Disagree,Slightly Agree,Neither Agree nor Disagree,Once a month,,arm1_control,5f32aab12a9f82000854c3ea,5f32aab12a9f82000854c3ea
7/19/2022 21:44,7/19/2022 21:46,IP Address,100,121,TRUE,7/19/2022 21:46,R_31N72TlOzDzKonK,,,,,anonymous,EN,,Yes,,Firefox,102,Windows NT 10.0,1536x864,Some,Frustrated,Only some of the time,Government should do more to solve problems.,Neither Agree nor Disagree,Disagree,Neither Agree nor Disagree,Neither Agree nor Disagree,Agree,Neither Agree nor Disagree,Strongly Agree,Agree,Slightly Agree,Agree,Agree,Slightly Agree,Neither Agree nor Disagree,Agree,Agree,Slightly Agree,Slightly Agree,Neither Agree nor Disagree,Once a week,,arm1_control,62a89be86d9e57cf67ae5649,62a89be86d9e57cf67ae5649
7/19/2022 21:44,7/19/2022 21:47,IP Address,100,171,TRUE,7/19/2022 21:47,R_6Db3l4XMwMNseBz,,,,,anonymous,EN,,Yes,,Chrome,103.0.0.0,Android 12,412x869,Some,Frustrated,Only some of the time,Government should do more to solve problems.,Slightly Agree,Slightly Disagree,Strongly Disagree,Neither Agree nor Disagree,Slightly Agree,Agree,Strongly Agree,Agree,Neither Agree nor Disagree,Neither Agree nor Disagree,Neither Agree nor Disagree,Neither Agree nor Disagree,Neither Agree nor Disagree,Neither Agree nor Disagree,Neither Agree nor Disagree,Neither Agree nor Disagree,Neither Agree nor Disagree,Neither Agree nor Disagree,Once a week,,arm1_control,62cc213de3f6e1e4555a1d5f,62cc213de3f6e1e4555a1d5f
7/19/2022 21:39,7/19/2022 21:47,IP Address,100,477,TRUE,7/19/2022 21:47,R_2ah2Df19yOe8nmr,,,,,anonymous,EN,,Yes,,Chrome iPad,103.0.5060.63,iPad,810x1080,Quite a lot,Frustrated,Only some of the time,Government should do more to solve problems.,Slightly Disagree,Strongly Disagree,Strongly Disagree,Agree,Disagree,Slightly Agree,Strongly Agree,Strongly Disagree,Slightly Agree,Strongly Agree,Agree,Neither Agree nor Disagree,Neither Agree nor Disagree,Neither Agree nor Disagree,Neither Agree nor Disagree,Slightly Agree,Neither Agree nor Disagree,Neither Agree nor Disagree,A few times a week / Daily,,arm4_interactive,62be40727ba8f67ee92022ad,62be40727ba8f67ee92022ad
7/19/2022 21:46,7/19/2022 21:47,IP Address,100,78,TRUE,7/19/2022 21:47,R_1QmCAvDLn3txkhK,,,,,anonymous,EN,,Yes,,Opera,89.0.4447.48,Windows NT 10.0,1366x768,Some,Frustrated,Only some of the time,Government should do more to solve problems.,Disagree,Slightly Agree,Slightly Disagree,Slightly Agree,Agree,Agree,Agree,Agree,Neither Agree nor Disagree,Neither Agree nor Disagree,Neither Agree nor Disagree,Neither Agree nor Disagree,Neither Agree nor Disagree,Neither Agree nor Disagree,Neither Agree nor Disagree,Neither Agree nor Disagree,Neither Agree nor Disagree,Neither Agree nor Disagree,Once a month,,arm4_interactive,5f0f433274ad8a03f0a4c8f4,5f0f433274ad8a03f0a4c8f4
7/19/2022 21:44,7/19/2022 21:47,IP Address,100,172,TRUE,7/19/2022 21:47,R_1FdOIYQlm1HHrwt,,,,,anonymous,EN,,Yes,,Chrome,103.0.0.0,Windows NT 10.0,1536x864,Some,Frustrated,Only some of the time,Government is doing too many things better left to businesses and individuals.,Agree,Slightly Agree,Slightly Disagree,Slightly Agree,Slightly Agree,Slightly Agree,Strongly Agree,Slightly Agree,Agree,Agree,Agree,Slightly Agree,Agree,Agree,Slightly Agree,Slightly Agree,Agree,Neither Agree nor Disagree,Once a month,,arm4_interactive,627b3ff37300aa333ec08823,627b3ff37300aa333ec08823
7/19/2022 21:45,7/19/2022 21:48,IP Address,100,165,TRUE,7/19/2022 21:48,R_3Ph4xSxgwYkw4OK,,,,,anonymous,EN,,Yes,,Edge,103.0.1264.62,Windows NT 10.0,1600x900,Some,Frustrated,Only some of the time,Government should do more to solve problems.,Agree,Disagree,Disagree,Agree,Disagree,Slightly Disagree,Strongly Agree,Slightly Disagree,Slightly Agree,Slightly Agree,Slightly Agree,Neither Agree nor Disagree,Slightly Agree,Slightly Disagree,Neither Agree nor Disagree,Slightly Agree,Neither Agree nor Disagree,Slightly Agree,Once a week,,arm1_control,5d55a1f2fab56e000140df8f,5d55a1f2fab56e000140df8f
7/19/2022 21:45,7/19/2022 21:48,IP Address,100,185,TRUE,7/19/2022 21:48,R_3gZBDtuH3cwAhxn,,,,,anonymous,EN,,Yes,,Chrome,103.0.0.0,Android 12,393x851,Some,Frustrated,Only some of the time,Government is doing too many things better left to businesses and individuals.,Slightly Disagree,Slightly Disagree,Disagree,Neither Agree nor Disagree,Slightly Disagree,Slightly Agree,Slightly Agree,Slightly Agree,Disagree,Neither Agree nor Disagree,Disagree,Disagree,Neither Agree nor Disagree,Disagree,Slightly Disagree,Strongly Disagree,Slightly Disagree,Disagree,A few times a year,,arm4_interactive,615a1d9297d4e05d6df9da22,615a1d9297d4e05d6df9da22
7/19/2022 21:45,7/19/2022 21:48,IP Address,100,199,TRUE,7/19/2022 21:48,R_20YAR1a4CJ1cdnD,,,,,anonymous,EN,,Yes,,Chrome,103.0.0.0,Macintosh,1440x900,Very little,Frustrated,Only some of the time,Government should do more to solve problems.,Slightly Agree,Slightly Disagree,Slightly Disagree,Slightly Agree,Agree,Agree,Agree,Agree,Slightly Agree,Neither Agree nor Disagree,Neither Agree nor Disagree,Slightly Disagree,Neither Agree nor Disagree,Neither Agree nor Disagree,Neither Agree nor Disagree,Neither Agree nor Disagree,Neither Agree nor Disagree,Slightly Disagree,Once a week,,arm1_control,5ee8063f1990bc0f2f51cef4,5ee8063f1990bc0f2f51cef4
7/19/2022 21:45,7/19/2022 21:49,IP Address,100,210,TRUE,7/19/2022 21:49,R_27KwZ2eE01eULDu,,,,,anonymous,EN,,Yes,,Safari iPhone,15.5,iPhone,390x844,Very little,Frustrated,Never,Government is doing too many things better left to businesses and individuals.,Slightly Disagree,Disagree,Disagree,Slightly Agree,Agree,Slightly Agree,Strongly Agree,Slightly Agree,Slightly Agree,Agree,Slightly Agree,Slightly Disagree,Neither Agree nor Disagree,Slightly Agree,Slightly Disagree,Slightly Disagree,Slightly Agree,Slightly Disagree,A few times a week / Daily,,arm4_interactive,6107f6e190e22b482e71493e,6107f6e190e22b482e71493e
7/19/2022 21:47,7/19/2022 21:50,IP Address,100,154,TRUE,7/19/2022 21:50,R_30bBkb35ihLzroe,,,,,anonymous,EN,,Yes,,Chrome,103.0.0.0,Android 12,412x869,Very little,Angry,Only some of the time,Government should do more to solve problems.,Agree,Strongly Agree,Agree,Strongly Agree,Disagree,Disagree,Slightly Disagree,Slightly Disagree,Agree,Agree,Agree,Slightly Agree,Agree,Slightly Agree,Agree,Neither Agree nor Disagree,Agree,Slightly Agree,Once a week,,arm1_control,5e2d0dd5be23b2320e23993a,5e2d0dd5be23b2320e23993a
7/19/2022 21:49,7/19/2022 21:51,IP Address,100,134,TRUE,7/19/2022 21:51,R_1ikYkpyzGYPMxiQ,,,,,anonymous,EN,,Yes,,Firefox,102,Windows NT 10.0,1920x1200,Some,Frustrated,Most of the time,Government should do more to solve problems.,Slightly Agree,Slightly Agree,Slightly Agree,Slightly Agree,Slightly Disagree,Neither Agree nor Disagree,Agree,Neither Agree nor Disagree,Slightly Agree,Slightly Agree,Slightly Agree,Slightly Agree,Neither Agree nor Disagree,Neither Agree nor Disagree,Neither Agree nor Disagree,Neither Agree nor Disagree,Slightly Agree,Neither Agree nor Disagree,Once a month,,arm4_interactive,5deacaa28caedd1eb4432c1a,5deacaa28caedd1eb4432c1a
7/19/2022 21:48,7/19/2022 21:51,IP Address,100,171,TRUE,7/19/2022 21:51,R_3psd72K0hM9757v,,,,,anonymous,EN,,Yes,,Chrome,103.0.0.0,Windows NT 10.0,1920x1080,None at all,Angry,Never,Government should do more to solve problems.,Strongly Disagree,Strongly Disagree,Strongly Disagree,Strongly Disagree,Strongly Agree,Strongly Agree,Strongly Agree,Strongly Agree,Strongly Disagree,Strongly Disagree,Disagree,Strongly Disagree,Strongly Disagree,Strongly Disagree,Disagree,Strongly Disagree,Strongly Disagree,Strongly Disagree,Once a month,,arm1_control,5e46f490a5748507c57e3c5f,5e46f490a5748507c57e3c5f
7/19/2022 21:48,7/19/2022 21:51,IP Address,100,224,TRUE,7/19/2022 21:51,R_XHyiV6CsZaiCo93,,,,,anonymous,EN,,Yes,,Safari,15.5,Macintosh,1024x1366,Some,Frustrated,Only some of the time,Government should do more to solve problems.,Slightly Agree,Slightly Disagree,Neither Agree nor Disagree,Slightly Agree,Slightly Agree,Agree,Agree,Slightly Agree,Neither Agree nor Disagree,Agree,Agree,Disagree,Neither Agree nor Disagree,Strongly Disagree,Slightly Disagree,Slightly Disagree,Neither Agree nor Disagree,Disagree,Once a week,,arm1_control,60dfc07ddcd24dcc266d8690,60dfc07ddcd24dcc266d8690
7/19/2022 21:47,7/19/2022 21:53,IP Address,100,365,TRUE,7/19/2022 21:53,R_AKVPgy0abZwzhKh,,,,,anonymous,EN,,Yes,,Safari iPhone,15.5,iPhone,375x812,Very little,Frustrated,Never,Government should do more to solve problems.,Disagree,Disagree,Strongly Disagree,Slightly Agree,Strongly Agree,Strongly Agree,Strongly Agree,Agree,Disagree,Disagree,Disagree,Strongly Disagree,Disagree,Neither Agree nor Disagree,Disagree,Strongly Disagree,Slightly Disagree,Disagree,A few times a year,,arm4_interactive,60fd82de96729fcb44b1fe87,60fd82de96729fcb44b1fe87
7/19/2022 21:49,7/19/2022 21:53,IP Address,100,247,TRUE,7/19/2022 21:53,R_2w4RmwpUd0J3xIn,,,,,anonymous,EN,,Yes,,Safari iPhone,14.1.1,iPhone,414x736,Some,Angry,Only some of the time,Government should do more to solve problems.,Neither Agree nor Disagree,Agree,Slightly Disagree,Slightly Agree,Slightly Agree,Agree,Strongly Agree,Slightly Agree,Agree,Slightly Agree,Agree,Slightly Agree,Agree,Agree,Slightly Agree,Agree,Slightly Agree,Slightly Agree,Once a week,,arm1_control,5f24b026893f470bf40a5396,5f24b026893f470bf40a5396
7/19/2022 21:49,7/19/2022 21:54,IP Address,100,253,TRUE,7/19/2022 21:54,R_1OUnW9M6IX795Yy,,,,,anonymous,EN,,Yes,,Safari iPhone,15.5,iPhone,375x812,Very little,Angry,Only some of the time,Government should do more to solve problems.,Agree,Disagree,Disagree,Slightly Agree,Agree,Slightly Agree,Strongly Agree,Strongly Agree,Disagree,Neither Agree nor Disagree,Neither Agree nor Disagree,Disagree,Neither Agree nor Disagree,Disagree,Neither Agree nor Disagree,Slightly Disagree,Slightly Disagree,Disagree,A few times a year,,arm4_interactive,60fd91cfa6a1d7e32624d58b,60fd91cfa6a1d7e32624d58b
7/19/2022 21:50,7/19/2022 21:54,IP Address,100,259,TRUE,7/19/2022 21:54,R_11ZRfk1PeuqYr8x,,,,,anonymous,EN,,Yes,,Chrome,101.0.4951.64,Macintosh,1440x900,Very little,Frustrated,Only some of the time,Government should do more to solve problems.,Slightly Agree,Disagree,Disagree,Disagree,Agree,Agree,Strongly Agree,Slightly Agree,Slightly Agree,Neither Agree nor Disagree,Neither Agree nor Disagree,Neither Agree nor Disagree,Neither Agree nor Disagree,Neither Agree nor Disagree,Neither Agree nor Disagree,Neither Agree nor Disagree,Neither Agree nor Disagree,Neither Agree nor Disagree,A few times a week / Daily,,arm4_interactive,610ad55a9d2ecf5248b375f1,610ad55a9d2ecf5248b375f1
7/19/2022 21:53,7/19/2022 21:55,IP Address,100,118,TRUE,7/19/2022 21:55,R_1q8ukdnSQGiBuB5,,,,,anonymous,EN,,Yes,,Chrome,103.0.0.0,Windows NT 10.0,1920x1080,Some,Basically content,Most of the time,Government should do more to solve problems.,Agree,Strongly Disagree,Disagree,Agree,Slightly Agree,Agree,Agree,Disagree,Agree,Neither Agree nor Disagree,Strongly Disagree,Agree,Strongly Agree,Slightly Disagree,Slightly Agree,Slightly Disagree,Agree,Neither Agree nor Disagree,A few times a year,,arm4_interactive,62c4c6afbc11a800fc53c7dc,62c4c6afbc11a800fc53c7dc
7/19/2022 21:52,7/19/2022 21:55,IP Address,100,180,TRUE,7/19/2022 21:55,R_24BjmfVqGh3HkdG,,,,,anonymous,EN,,Yes,,Edge,103.0.1264.62,Windows NT 10.0,1440x960,Some,Frustrated,Only some of the time,Government is doing too many things better left to businesses and individuals.,Strongly Disagree,Neither Agree nor Disagree,Strongly Disagree,Strongly Agree,Strongly Agree,Strongly Agree,Strongly Agree,Strongly Agree,Slightly Agree,Slightly Agree,Neither Agree nor Disagree,Slightly Disagree,Neither Agree nor Disagree,Slightly Agree,Neither Agree nor Disagree,Neither Agree nor Disagree,Neither Agree nor Disagree,Disagree,A few times a year,,arm1_control,61047416075065f251e18d8c,61047416075065f251e18d8c
7/19/2022 21:53,7/19/2022 21:55,IP Address,100,98,TRUE,7/19/2022 21:55,R_4NR2x5GwM8aHVKN,,,,,anonymous,EN,,Yes,,Chrome,103.0.0.0,Windows NT 10.0,1920x1080,Some,Frustrated,Only some of the time,Government should do more to solve problems.,Neither Agree nor Disagree,Neither Agree nor Disagree,Slightly Disagree,Neither Agree nor Disagree,Slightly Agree,Slightly Agree,Agree,Slightly Agree,Neither Agree nor Disagree,Neither Agree nor Disagree,Slightly Agree,Neither Agree nor Disagree,Slightly Agree,Neither Agree nor Disagree,Slightly Agree,Neither Agree nor Disagree,Slightly Agree,Neither Agree nor Disagree,Once a month,,arm1_control,58ef6ad040baf30001228d2c,58ef6ad040baf30001228d2c
7/19/2022 21:53,7/19/2022 21:55,IP Address,100,149,TRUE,7/19/2022 21:55,R_2PzNiIDE9qpjNLC,,,,,anonymous,EN,,Yes,,Chrome,103.0.0.0,Windows NT 10.0,1366x768,Quite a lot,Frustrated,Only some of the time,Government should do more to solve problems.,Slightly Agree,Slightly Agree,Neither Agree nor Disagree,Agree,Slightly Agree,Slightly Disagree,Slightly Agree,Slightly Agree,Slightly Agree,Slightly Agree,Agree,Agree,Agree,Slightly Agree,Agree,Slightly Agree,Agree,Slightly Disagree,A few times a week / Daily,,arm1_control,612154b0f3a4f3c5ff662863,612154b0f3a4f3c5ff662863
7/19/2022 21:53,7/19/2022 21:55,IP Address,100,145,TRUE,7/19/2022 21:55,R_cZx4aAv2ciWx8VX,,,,,anonymous,EN,,Yes,,Safari iPhone,15.5,iPhone,414x896,Very little,Frustrated,Only some of the time,Government should do more to solve problems.,Strongly Disagree,Disagree,Disagree,Slightly Disagree,Agree,Agree,Agree,Agree,Disagree,Disagree,Disagree,Disagree,Disagree,Disagree,Disagree,Strongly Disagree,Disagree,Strongly Disagree,A few times a week / Daily,,arm4_interactive,614ffb4b23ae9303bf769600,614ffb4b23ae9303bf769600
7/19/2022 21:49,7/19/2022 21:55,IP Address,100,370,TRUE,7/19/2022 21:55,R_3q8rAISINZ67lGt,,,,,anonymous,EN,,Yes,,Chrome,103.0.0.0,Android 11,339x753,Some,Frustrated,Never,Government should do more to solve problems.,Agree,Slightly Disagree,Disagree,Slightly Agree,Agree,Strongly Agree,Agree,Strongly Agree,Strongly Disagree,Disagree,Strongly Disagree,Strongly Disagree,Strongly Disagree,Disagree,Disagree,Disagree,Disagree,Strongly Disagree,Once a week,,arm1_control,62d10089f8ee54b7d27c9e93,62d10089f8ee54b7d27c9e93
7/19/2022 21:44,7/19/2022 21:56,IP Address,100,698,TRUE,7/19/2022 21:56,R_3j34dLgwoFEbH2Z,,,,,anonymous,EN,,Yes,,Safari iPhone,15.5,iPhone,375x667,Some,Frustrated,Only some of the time,Government should do more to solve problems.,Neither Agree nor Disagree,Strongly Disagree,Strongly Disagree,Neither Agree nor Disagree,Slightly Agree,Neither Agree nor Disagree,Strongly Agree,Agree,Neither Agree nor Disagree,Neither Agree nor Disagree,Neither Agree nor Disagree,Slightly Disagree,Neither Agree nor Disagree,Neither Agree nor Disagree,Neither Agree nor Disagree,Neither Agree nor Disagree,Neither Agree nor Disagree,Neither Agree nor Disagree,Once a month,,arm1_control,5c31f92c23f1c60001a6a3e8,5c31f92c23f1c60001a6a3e8
7/19/2022 21:49,7/19/2022 21:56,IP Address,100,437,TRUE,7/19/2022 21:56,R_21jJx7oMFC4kNsb,,,,,anonymous,EN,,Yes,,Chrome,103.0.0.0,Windows NT 10.0,1280x720,Very little,Frustrated,Only some of the time,Government should do more to solve problems.,Slightly Disagree,Disagree,Strongly Disagree,Agree,Agree,Agree,Strongly Agree,Agree,Neither Agree nor Disagree,Slightly Agree,Slightly Agree,Slightly Agree,Neither Agree nor Disagree,Slightly Agree,Neither Agree nor Disagree,Slightly Agree,Neither Agree nor Disagree,Neither Agree nor Disagree,A few times a year,,arm4_interactive,5f70d7c61214fe6dbec2435f,5f70d7c61214fe6dbec2435f
7/19/2022 21:54,7/19/2022 21:57,IP Address,100,159,TRUE,7/19/2022 21:57,R_3fqMZQX2lYhRsNE,,,,,anonymous,EN,,Yes,,Chrome,103.0.0.0,Windows NT 10.0,2560x1440,Very little,Frustrated,Only some of the time,Government should do more to solve problems.,Slightly Disagree,Slightly Disagree,Disagree,Slightly Disagree,Slightly Agree,Slightly Agree,Slightly Agree,Slightly Agree,Neither Agree nor Disagree,Slightly Disagree,Neither Agree nor Disagree,Neither Agree nor Disagree,Slightly Disagree,Disagree,Slightly Disagree,Neither Agree nor Disagree,Slightly Disagree,Slightly Disagree,Once a week,,arm4_interactive,5bf56634bc65dd0001f65843,5bf56634bc65dd0001f65843
7/19/2022 21:54,7/19/2022 21:57,IP Address,100,143,TRUE,7/19/2022 21:57,R_1LTmBbmEWY7qUnh,,,,,anonymous,EN,,Yes,,Chrome,103.0.0.0,Windows NT 10.0,1920x1080,Very little,Frustrated,Only some of the time,Government should do more to solve problems.,Slightly Disagree,Slightly Disagree,Disagree,Slightly Disagree,Agree,Agree,Neither Agree nor Disagree,Agree,Agree,Agree,Agree,Agree,Agree,Agree,Agree,Disagree,Agree,Agree,A few times a year,,arm1_control,5c0edb4dc047450001a2e1d9,5c0edb4dc047450001a2e1d9
7/19/2022 21:54,7/19/2022 21:57,IP Address,100,182,TRUE,7/19/2022 21:57,R_OvtuCfc1u7CVuOR,,,,,anonymous,EN,,Yes,,Safari iPhone,15.5,iPhone,414x896,Very little,Angry,Never,Government should do more to solve problems.,Neither Agree nor Disagree,Neither Agree nor Disagree,Disagree,Slightly Agree,Agree,Neither Agree nor Disagree,Agree,Agree,Neither Agree nor Disagree,Neither Agree nor Disagree,Neither Agree nor Disagree,Disagree,Neither Agree nor Disagree,Slightly Agree,Slightly Disagree,Neither Agree nor Disagree,Neither Agree nor Disagree,Disagree,Once a month,,arm4_interactive,6103d542ec91401f4c512c61,6103d542ec91401f4c512c61
7/19/2022 21:53,7/19/2022 21:57,IP Address,100,242,TRUE,7/19/2022 21:57,R_4IblMwSTpm3DrcR,,,,,anonymous,EN,,Yes,,Chrome,103.0.0.0,Android 10,360x757,Some,Frustrated,Only some of the time,Government should do more to solve problems.,Slightly Agree,Slightly Agree,Slightly Agree,Agree,Slightly Agree,Slightly Agree,Agree,Agree,Strongly Agree,Strongly Agree,Agree,Agree,Strongly Agree,Agree,Agree,Agree,Agree,Slightly Agree,A few times a year,,arm4_interactive,5d3df9b23bf3780015abf56f,5d3df9b23bf3780015abf56f
7/19/2022 21:55,7/19/2022 21:57,IP Address,100,132,TRUE,7/19/2022 21:57,R_3nMGJRElXNNFmo2,,,,,anonymous,EN,,Yes,,Firefox,102,Windows NT 10.0,1920x1080,Quite a lot,Frustrated,Only some of the time,Government should do more to solve problems.,Disagree,Slightly Disagree,Slightly Disagree,Slightly Disagree,Slightly Agree,Slightly Agree,Agree,Neither Agree nor Disagree,Slightly Agree,Slightly Agree,Slightly Agree,Slightly Agree,Agree,Slightly Agree,Agree,Slightly Agree,Agree,Neither Agree nor Disagree,Once a month,,arm1_control,5c80a83573e3990001687214,5c80a83573e3990001687214
7/19/2022 21:50,7/19/2022 21:58,IP Address,100,464,TRUE,7/19/2022 21:58,R_SOb5fm1SfBegEyB,,,,,anonymous,EN,,Yes,,Safari,15.5,Macintosh,1440x900,Quite a lot,Basically content,Most of the time,Government should do more to solve problems.,Slightly Agree,Disagree,Slightly Disagree,Slightly Agree,Slightly Agree,Disagree,Strongly Agree,Disagree,Strongly Agree,Strongly Agree,Agree,Slightly Agree,Strongly Agree,Agree,Agree,Strongly Agree,Slightly Agree,Agree,Once a week,,arm4_interactive,5e246a245e04db6e93e22666,5e246a245e04db6e93e22666
7/19/2022 21:56,7/19/2022 21:58,IP Address,100,117,TRUE,7/19/2022 21:58,R_1FkrVmssCRgbC7f,,,,,anonymous,EN,,Yes,,Safari iPhone,15.5,iPhone,390x844,Some,Frustrated,Only some of the time,Government is doing too many things better left to businesses and individuals.,Agree,Slightly Disagree,Slightly Disagree,Slightly Agree,Neither Agree nor Disagree,Slightly Disagree,Slightly Agree,Disagree,Slightly Agree,Slightly Agree,Slightly Agree,Disagree,Slightly Agree,Slightly Disagree,Neither Agree nor Disagree,Disagree,Slightly Agree,Strongly Disagree,A few times a year,,arm1_control,60edb36db1761c42b182fe49,60edb36db1761c42b182fe49
7/19/2022 21:54,7/19/2022 21:59,IP Address,100,266,TRUE,7/19/2022 21:59,R_2eRWIs1UbTEni2O,,,,,anonymous,EN,,Yes,,Firefox,102,Windows NT 10.0,1920x1080,Some,Angry,Never,Government should do more to solve problems.,Slightly Disagree,Strongly Disagree,Slightly Disagree,Slightly Disagree,Slightly Agree,Slightly Agree,Strongly Agree,Agree,Strongly Disagree,Disagree,Disagree,Strongly Disagree,Neither Agree nor Disagree,Disagree,Disagree,Strongly Disagree,Disagree,Disagree,Once a week,,arm1_control,614ca7f8fc7cba1b74101bfe,614ca7f8fc7cba1b74101bfe
7/19/2022 21:57,7/19/2022 21:59,IP Address,100,117,TRUE,7/19/2022 21:59,R_3h5wY2iwkM0U67W,,,,,anonymous,EN,,Yes,,Safari iPhone,14.1.2,iPhone,428x926,Some,Frustrated,Only some of the time,Government should do more to solve problems.,Slightly Agree,Strongly Disagree,Disagree,Disagree,Slightly Agree,Agree,Strongly Agree,Slightly Disagree,Slightly Agree,Neither Agree nor Disagree,Neither Agree nor Disagree,Slightly Agree,Neither Agree nor Disagree,Neither Agree nor Disagree,Slightly Agree,Slightly Agree,Neither Agree nor Disagree,Slightly Disagree,Once a week,,arm4_interactive,5eed8bec94fa2f1be77c189a,5eed8bec94fa2f1be77c189a
7/19/2022 21:58,7/19/2022 22:00,IP Address,100,118,TRUE,7/19/2022 22:00,R_1M3vKAmny4DdHNx,,,,,anonymous,EN,,Yes,,Chrome,102.0.0.0,Android 11,432x960,None at all,Angry,Never,Government is doing too many things better left to businesses and individuals.,Strongly Disagree,Disagree,Strongly Disagree,Strongly Disagree,Agree,Agree,Agree,Strongly Disagree,Strongly Disagree,Strongly Disagree,Strongly Disagree,Strongly Disagree,Strongly Disagree,Strongly Disagree,Strongly Disagree,Strongly Disagree,Strongly Disagree,Strongly Disagree,Once a month,,arm4_interactive,60ebd106ca635af4d76098cd,60ebd106ca635af4d76098cd
7/19/2022 22:01,7/19/2022 22:02,IP Address,100,58,TRUE,7/19/2022 22:02,R_5BccP8b61qsUidj,,,,,anonymous,EN,,Yes,,Firefox,102,Windows NT 10.0,2560x1440,Very little,Basically content,Only some of the time,Government should do more to solve problems.,Neither Agree nor Disagree,Neither Agree nor Disagree,Slightly Disagree,Slightly Agree,Slightly Disagree,Slightly Agree,Slightly Agree,Neither Agree nor Disagree,Disagree,Slightly Agree,Neither Agree nor Disagree,Agree,Agree,Disagree,Neither Agree nor Disagree,Slightly Agree,Slightly Disagree,,A few times a year,,arm4_interactive,61fa92f15719bc09cb834b86,61fa92f15719bc09cb834b86
7/19/2022 22:00,7/19/2022 22:03,IP Address,100,160,TRUE,7/19/2022 22:03,R_1LLHNRZLVXAowGQ,,,,,anonymous,EN,,Yes,,Chrome,103.0.0.0,Android 12,477x1005,Some,Angry,Only some of the time,Government should do more to solve problems.,Agree,Disagree,Slightly Agree,Agree,Neither Agree nor Disagree,Disagree,Agree,Disagree,Neither Agree nor Disagree,Slightly Disagree,Neither Agree nor Disagree,Neither Agree nor Disagree,Neither Agree nor Disagree,Slightly Disagree,Neither Agree nor Disagree,Neither Agree nor Disagree,Slightly Agree,Neither Agree nor Disagree,Once a month,,arm4_interactive,62ad47efae8fdd544c48019f,62ad47efae8fdd544c48019f
7/19/2022 21:58,7/19/2022 22:03,IP Address,100,283,TRUE,7/19/2022 22:03,R_3GjqBdIpoxiqnpp,,,,,anonymous,EN,,Yes,,Safari iPhone,15.5,iPhone,375x667,Some,Frustrated,Only some of the time,Government should do more to solve problems.,Slightly Agree,Slightly Agree,Disagree,Slightly Agree,Agree,Slightly Agree,Strongly Agree,Strongly Agree,Agree,Neither Agree nor Disagree,Agree,Agree,Slightly Agree,Agree,Agree,Agree,Agree,Agree,A few times a week / Daily,,arm1_control,6108469c7d486eac3c1629d3,6108469c7d486eac3c1629d3
7/19/2022 22:00,7/19/2022 22:03,IP Address,100,168,TRUE,7/19/2022 22:03,R_3dLzBM236XgPzMV,,,,,anonymous,EN,,Yes,,Chrome iPhone,103.0.5060.63,iPhone,390x844,Some,Frustrated,Only some of the time,Government should do more to solve problems.,Agree,Slightly Disagree,Slightly Agree,Slightly Agree,Slightly Agree,Slightly Agree,Slightly Agree,Disagree,Agree,Agree,Slightly Agree,Disagree,Slightly Agree,Slightly Agree,Slightly Disagree,Slightly Disagree,Agree,Disagree,A few times a week / Daily,,arm1_control,5e0f5a13b633b567cb8152fa,5e0f5a13b633b567cb8152fa
7/19/2022 22:01,7/19/2022 22:03,IP Address,100,163,TRUE,7/19/2022 22:03,R_10OYI80ya2UoUxj,,,,,anonymous,EN,,Yes,,Safari,14.0.3,Macintosh,768x1024,Very little,Frustrated,Never,Government is doing too many things better left to businesses and individuals.,Disagree,Disagree,Strongly Disagree,Slightly Agree,Strongly Agree,Slightly Agree,Agree,Disagree,Neither Agree nor Disagree,Slightly Agree,Neither Agree nor Disagree,Neither Agree nor Disagree,Neither Agree nor Disagree,Neither Agree nor Disagree,Slightly Disagree,Slightly Disagree,Neither Agree nor Disagree,Slightly Disagree,Once a week,,arm1_control,611c0f606e7c5373600b2943,611c0f606e7c5373600b2943
7/19/2022 22:00,7/19/2022 22:04,IP Address,100,239,TRUE,7/19/2022 22:04,R_1rcxNW0g1U3CAvH,,,,,anonymous,EN,,Yes,,Safari iPhone,15.5,iPhone,390x844,None at all,Angry,Never,Government should do more to solve problems.,Disagree,Slightly Agree,Strongly Disagree,Slightly Agree,Agree,Agree,Strongly Agree,Slightly Agree,Slightly Agree,Slightly Agree,Slightly Agree,Slightly Disagree,Neither Agree nor Disagree,Neither Agree nor Disagree,Neither Agree nor Disagree,Slightly Disagree,Slightly Agree,Slightly Disagree,Once a week,,arm4_interactive,5fc58d146deb34108e318a6f,5fc58d146deb34108e318a6f
7/19/2022 22:01,7/19/2022 22:05,IP Address,100,210,TRUE,7/19/2022 22:05,R_2Pim96skLaxKdXO,,,,,anonymous,EN,,Yes,,Chrome,103.0.0.0,Windows NT 10.0,1280x720,Very little,Angry,Only some of the time,Government should do more to solve problems.,Slightly Agree,Slightly Disagree,Slightly Disagree,Slightly Disagree,Slightly Agree,Slightly Agree,Agree,Disagree,Agree,Slightly Agree,Agree,Slightly Agree,Agree,Slightly Agree,Agree,Slightly Agree,Agree,Neither Agree nor Disagree,Once a month,,arm4_interactive,5f4dbfdf75b52598a859b99d,5f4dbfdf75b52598a859b99d
7/19/2022 22:04,7/19/2022 22:06,IP Address,100,133,TRUE,7/19/2022 22:06,R_2QzYFD4BRzoGCga,,,,,anonymous,EN,,Yes,,Chrome,103.0.0.0,Android 11,385x833,Very little,Angry,Only some of the time,Government should do more to solve problems.,Slightly Agree,Neither Agree nor Disagree,Slightly Disagree,Slightly Agree,Slightly Agree,Neither Agree nor Disagree,Strongly Agree,Slightly Agree,Neither Agree nor Disagree,Neither Agree nor Disagree,Neither Agree nor Disagree,Slightly Agree,Neither Agree nor Disagree,Neither Agree nor Disagree,Neither Agree nor Disagree,Neither Agree nor Disagree,Neither Agree nor Disagree,Slightly Disagree,Once a week,,arm1_control,5bdcd61518f1b9000173d9d9,5bdcd61518f1b9000173d9d9
7/19/2022 22:02,7/19/2022 22:06,IP Address,100,258,TRUE,7/19/2022 22:06,R_2ZZHH2Vjmm9CbBm,,,,,anonymous,EN,,Yes,,Chrome,103.0.0.0,Windows NT 10.0,1500x1000,None at all,Angry,Never,Government should do more to solve problems.,Slightly Agree,Strongly Disagree,Slightly Disagree,Slightly Disagree,Slightly Agree,Slightly Agree,Strongly Agree,Slightly Agree,Neither Agree nor Disagree,Slightly Agree,Strongly Disagree,Strongly Disagree,Neither Agree nor Disagree,Neither Agree nor Disagree,Strongly Disagree,Slightly Agree,Strongly Disagree,Strongly Disagree,Once a week,,arm1_control,54af2a48fdf99b09c01b3801,54af2a48fdf99b09c01b3801
7/19/2022 22:04,7/19/2022 22:07,IP Address,100,138,TRUE,7/19/2022 22:07,R_vv5lAGhvIe0dQyt,,,,,anonymous,EN,,Yes,,Safari iPhone,15.5,iPhone,414x896,Very little,Frustrated,Only some of the time,Government should do more to solve problems.,Disagree,Neither Agree nor Disagree,Slightly Disagree,Neither Agree nor Disagree,Agree,Neither Agree nor Disagree,Strongly Agree,Slightly Agree,Neither Agree nor Disagree,Neither Agree nor Disagree,Neither Agree nor Disagree,Neither Agree nor Disagree,Neither Agree nor Disagree,Neither Agree nor Disagree,Neither Agree nor Disagree,Neither Agree nor Disagree,Neither Agree nor Disagree,Neither Agree nor Disagree,Once a week,,arm4_interactive,61018f595798ed7d1df1222b,61018f595798ed7d1df1222b
7/19/2022 21:58,7/19/2022 22:07,IP Address,100,538,TRUE,7/19/2022 22:07,R_2OPZzrmgvCMOt6d,,,,,anonymous,EN,,Yes,,Safari iPhone,15.3,iPhone,375x812,Some,Frustrated,Most of the time,Government should do more to solve problems.,Slightly Agree,Slightly Disagree,Disagree,Neither Agree nor Disagree,Slightly Agree,Strongly Agree,Strongly Agree,Strongly Agree,Neither Agree nor Disagree,Neither Agree nor Disagree,Agree,Slightly Agree,Slightly Agree,Neither Agree nor Disagree,Slightly Agree,Slightly Agree,Slightly Agree,Slightly Agree,Once a week,,arm1_control,6269e006b921a6ded7c93e1e,6269e006b921a6ded7c93e1e
7/19/2022 21:53,7/19/2022 22:07,IP Address,100,863,TRUE,7/19/2022 22:07,R_w4zMFnTA9fK9gSR,,,,,anonymous,EN,,Yes,,Chrome,103.0.0.0,Linux x86_64,360x756,Some,Frustrated,Only some of the time,Government should do more to solve problems.,Neither Agree nor Disagree,Slightly Disagree,Neither Agree nor Disagree,Slightly Agree,Slightly Agree,Agree,Agree,Slightly Agree,Slightly Agree,Agree,Slightly Agree,Agree,Neither Agree nor Disagree,Agree,Slightly Agree,Disagree,Neither Agree nor Disagree,Neither Agree nor Disagree,A few times a year,,arm1_control,5fc1ffc15478a5319b85ecd2,5fc1ffc15478a5319b85ecd2
7/19/2022 22:03,7/19/2022 22:07,IP Address,100,220,TRUE,7/19/2022 22:07,R_1f0LUgV0nzwnaoM,,,,,anonymous,EN,,Yes,,Chrome,103.0.5060.114,Windows NT 10.0,1536x864,Very little,Angry,Only some of the time,Government is doing too many things better left to businesses and individuals.,Slightly Agree,Slightly Agree,Slightly Agree,Agree,Neither Agree nor Disagree,Slightly Disagree,Agree,Slightly Agree,Agree,Agree,Agree,Agree,Agree,Agree,Agree,Agree,Agree,Agree,Once a week,,arm4_interactive,5ae3a41d32ef52000131a531,5ae3a41d32ef52000131a531
7/19/2022 22:04,7/19/2022 22:08,IP Address,100,216,TRUE,7/19/2022 22:08,R_2c4gSDebOh6Hh9D,,,,,anonymous,EN,,Yes,,Safari iPhone,15.4,iPhone,375x812,Some,Angry,Only some of the time,Government should do more to solve problems.,Slightly Disagree,Disagree,Disagree,Disagree,Neither Agree nor Disagree,Slightly Agree,Agree,Slightly Agree,Neither Agree nor Disagree,Neither Agree nor Disagree,Neither Agree nor Disagree,Neither Agree nor Disagree,Neither Agree nor Disagree,Neither Agree nor Disagree,Neither Agree nor Disagree,Neither Agree nor Disagree,Neither Agree nor Disagree,Neither Agree nor Disagree,Once a month,,arm1_control,62855120e12d686417201294,62855120e12d686417201294
7/19/2022 22:04,7/19/2022 22:08,IP Address,100,239,TRUE,7/19/2022 22:08,R_XN6bNgTmqIgl9ct,,,,,anonymous,EN,,Yes,,Chrome,91.0.4472.77,Linux x86_64,1920x1080,Very little,Angry,Never,Government should do more to solve problems.,Neither Agree nor Disagree,Slightly Disagree,Slightly Agree,Slightly Agree,Disagree,Disagree,Disagree,Disagree,Disagree,Slightly Agree,Disagree,Disagree,Neither Agree nor Disagree,Slightly Disagree,Slightly Disagree,Strongly Disagree,Disagree,Disagree,Once a month,,arm4_interactive,62b9cac7b0db166f4436f9eb,62b9cac7b0db166f4436f9eb
7/19/2022 22:06,7/19/2022 22:08,IP Address,100,94,TRUE,7/19/2022 22:08,R_2bZyD07H8BSakOO,,,,,anonymous,EN,,Yes,,Chrome,103.0.5060.114,Macintosh,1440x900,Some,Frustrated,Only some of the time,Government should do more to solve problems.,Slightly Agree,Neither Agree nor Disagree,Neither Agree nor Disagree,Neither Agree nor Disagree,Disagree,Slightly Disagree,Agree,Slightly Agree,Agree,Agree,Slightly Agree,Agree,Agree,Agree,Agree,Slightly Agree,Agree,Neither Agree nor Disagree,Once a month,,arm1_control,6110cb9fd3ba23cecacc8fc4,6110cb9fd3ba23cecacc8fc4
7/19/2022 22:05,7/19/2022 22:09,IP Address,100,228,TRUE,7/19/2022 22:09,R_3PnmfSEB18H8RmS,,,,,anonymous,EN,,Yes,,Chrome,103.0.5060.114,Windows NT 10.0,1920x1200,Some,Frustrated,Only some of the time,Government is doing too many things better left to businesses and individuals.,Agree,Slightly Agree,Slightly Agree,Slightly Agree,Slightly Agree,Slightly Disagree,Strongly Agree,Slightly Disagree,Agree,Strongly Agree,Slightly Agree,Strongly Agree,Agree,Slightly Agree,Agree,Agree,Agree,Agree,Once a month,,arm4_interactive,5f053720c017078437e04818,5f053720c017078437e04818
7/19/2022 22:06,7/19/2022 22:09,IP Address,100,164,TRUE,7/19/2022 22:09,R_3jGFbyqMprwCUox,,,,,anonymous,EN,,Yes,,Chrome,103.0.0.0,Macintosh,1440x900,Some,Frustrated,Only some of the time,Government should do more to solve problems.,Slightly Agree,Slightly Agree,Slightly Agree,Slightly Agree,Slightly Agree,Slightly Disagree,Agree,Slightly Agree,Agree,Slightly Agree,Slightly Agree,Slightly Agree,Slightly Agree,Agree,Slightly Agree,Agree,Slightly Agree,Slightly Agree,Once a month,,arm4_interactive,61088dd12254a40e38ed6015,61088dd12254a40e38ed6015
7/19/2022 22:06,7/19/2022 22:09,IP Address,100,155,TRUE,7/19/2022 22:09,R_1pPxtTV2tPNzkdD,,,,,anonymous,EN,,Yes,,Chrome,103.0.5060.114,Android 11,485x1076,Some,Frustrated,Only some of the time,Government should do more to solve problems.,Slightly Disagree,Slightly Disagree,Disagree,Slightly Disagree,Agree,Agree,Agree,Slightly Agree,Disagree,Slightly Disagree,Slightly Disagree,Slightly Disagree,Slightly Disagree,Slightly Disagree,Slightly Disagree,Slightly Agree,Slightly Disagree,Slightly Disagree,Once a month,,arm1_control,5e2878ae4b6c4704c10fe471,5e2878ae4b6c4704c10fe471
7/19/2022 22:05,7/19/2022 22:09,IP Address,100,215,TRUE,7/19/2022 22:09,R_ZJFQmpYE8HaAy7D,,,,,anonymous,EN,,Yes,,Chrome,102.0.0.0,Windows NT 10.0,1366x768,Very little,Angry,Only some of the time,Government should do more to solve problems.,Strongly Agree,Slightly Agree,Agree,Agree,Strongly Disagree,Slightly Disagree,Agree,Disagree,Slightly Agree,Slightly Agree,Agree,Slightly Agree,Agree,Strongly Disagree,Neither Agree nor Disagree,Slightly Disagree,Agree,Slightly Disagree,A few times a week / Daily,,arm1_control,5c677c08b1b0080001bfbdc2,5c677c08b1b0080001bfbdc2
7/19/2022 22:07,7/19/2022 22:09,IP Address,100,149,TRUE,7/19/2022 22:09,R_pMkuyzCvIcD3NTj,,,,,anonymous,EN,,Yes,,Firefox,102,Windows NT 6.1,1920x1080,Some,Angry,Only some of the time,Government is doing too many things better left to businesses and individuals.,Agree,Neither Agree nor Disagree,,Agree,Disagree,Slightly Disagree,Slightly Agree,Strongly Disagree,,Neither Agree nor Disagree,Neither Agree nor Disagree,Neither Agree nor Disagree,Neither Agree nor Disagree,Disagree,Neither Agree nor Disagree,Slightly Disagree,Neither Agree nor Disagree,Disagree,Once a month,,arm1_control,6234fb9dc715e1b3a9007c7e,6234fb9dc715e1b3a9007c7e
7/19/2022 22:04,7/19/2022 22:10,IP Address,100,326,TRUE,7/19/2022 22:10,R_1n7Kb16CTfiyVu2,,,,,anonymous,EN,,Yes,,Chrome,103.0.0.0,Windows NT 6.1,1600x900,None at all,Frustrated,Only some of the time,Government should do more to solve problems.,Strongly Agree,Agree,Agree,Strongly Agree,Disagree,Slightly Disagree,Slightly Disagree,Slightly Disagree,Strongly Agree,Strongly Agree,Strongly Agree,Agree,Strongly Agree,Agree,Strongly Agree,Agree,Strongly Agree,Agree,Once a week,,arm4_interactive,5924f4910a3e3e0001f1018e,5924f4910a3e3e0001f1018e
7/19/2022 22:03,7/19/2022 22:10,IP Address,100,409,TRUE,7/19/2022 22:10,R_301wzyAnX0mZtxG,,,,,anonymous,EN,,Yes,,Safari iPhone,15.5,iPhone,375x812,Very little,Frustrated,Only some of the time,Government is doing too many things better left to businesses and individuals.,Slightly Disagree,Slightly Disagree,Strongly Disagree,Neither Agree nor Disagree,Neither Agree nor Disagree,Agree,Strongly Agree,Strongly Agree,Agree,Strongly Agree,Slightly Agree,Disagree,Slightly Agree,Agree,Neither Agree nor Disagree,Neither Agree nor Disagree,Neither Agree nor Disagree,Neither Agree nor Disagree,Once a week,,arm4_interactive,61082b91cd426377602c7c8b,61082b91cd426377602c7c8b
7/19/2022 21:59,7/19/2022 22:10,IP Address,100,670,TRUE,7/19/2022 22:10,R_Xka8sx9XagOWqbv,,,,,anonymous,EN,,Yes,,Safari iPhone,15.4,iPhone,414x896,Quite a lot,Frustrated,Only some of the time,Government should do more to solve problems.,Neither Agree nor Disagree,Slightly Disagree,Slightly Disagree,Slightly Disagree,Slightly Agree,Slightly Agree,Agree,Slightly Agree,Slightly Agree,Agree,Agree,Slightly Agree,Slightly Agree,Agree,Slightly Agree,Slightly Agree,Slightly Agree,Slightly Agree,Once a week,,arm1_control,5d634b27e5f92f0017196a3f,5d634b27e5f92f0017196a3f
7/19/2022 22:06,7/19/2022 22:10,IP Address,100,281,TRUE,7/19/2022 22:10,R_9Gh9xlkf9CguBAB,,,,,anonymous,EN,,Yes,,Safari,16,Macintosh,1512x982,Quite a lot,Basically content,Never,Government should do more to solve problems.,,,,,,,,,,,,,,,,,,,A few times a week / Daily,,arm1_control,5d9be99fdacf6100182bf254,5d9be99fdacf6100182bf254
7/19/2022 22:00,7/19/2022 22:11,IP Address,100,624,TRUE,7/19/2022 22:11,R_1onbQt9rev3Nm1U,,,,,anonymous,EN,,Yes,,Chrome,103.0.0.0,Android 11,412x915,Some,Frustrated,Only some of the time,Government is doing too many things better left to businesses and individuals.,Slightly Agree,Slightly Disagree,Slightly Disagree,Neither Agree nor Disagree,Agree,Slightly Agree,Agree,Slightly Disagree,Slightly Agree,Slightly Disagree,Slightly Agree,Slightly Disagree,Agree,Slightly Agree,Slightly Agree,Agree,Slightly Agree,Slightly Disagree,Once a year,,arm4_interactive,60d8d9348db2bb3a539b5c1d,60d8d9348db2bb3a539b5c1d
7/19/2022 22:08,7/19/2022 22:11,IP Address,100,136,TRUE,7/19/2022 22:11,R_oXeS5wF8ZR9RQFX,,,,,anonymous,EN,,Yes,,Chrome,103.0.0.0,Windows NT 10.0,1707x960,Very little,Frustrated,Only some of the time,Government should do more to solve problems.,Slightly Agree,Agree,Agree,Slightly Agree,Agree,Agree,Strongly Agree,Strongly Agree,Slightly Agree,Neither Agree nor Disagree,Neither Agree nor Disagree,Neither Agree nor Disagree,Neither Agree nor Disagree,Neither Agree nor Disagree,Neither Agree nor Disagree,Disagree,Neither Agree nor Disagree,Disagree,Once a month,,arm1_control,62bb0c58c75cd298812f00d3,62bb0c58c75cd298812f00d3
7/19/2022 22:04,7/19/2022 22:11,IP Address,100,411,TRUE,7/19/2022 22:11,R_2YrZViZA7loW1VK,,,,,anonymous,EN,,Yes,,Chrome,103.0.0.0,Macintosh,1440x900,Some,Basically content,Most of the time,Government should do more to solve problems.,Slightly Agree,Neither Agree nor Disagree,Slightly Agree,Slightly Agree,Neither Agree nor Disagree,Neither Agree nor Disagree,Strongly Agree,Disagree,Slightly Agree,Slightly Agree,Slightly Agree,Neither Agree nor Disagree,Slightly Agree,Slightly Agree,Agree,Neither Agree nor Disagree,Slightly Agree,Disagree,Once a week,,arm4_interactive,546ee363fdf99b2bc7ebd035,546ee363fdf99b2bc7ebd035
7/19/2022 22:06,7/19/2022 22:11,IP Address,100,265,TRUE,7/19/2022 22:11,R_1BSe7D2ljT9eRBP,,,,,anonymous,EN,,Yes,,Safari,15.5,Macintosh,1440x900,Very little,Frustrated,Only some of the time,Government should do more to solve problems.,Strongly Disagree,Disagree,Strongly Disagree,Disagree,Strongly Agree,Agree,Agree,Slightly Disagree,Neither Agree nor Disagree,Disagree,Slightly Disagree,Slightly Disagree,Disagree,Neither Agree nor Disagree,Neither Agree nor Disagree,Neither Agree nor Disagree,Neither Agree nor Disagree,Disagree,A few times a year,,arm4_interactive,61042a233e3ac1ac8e8f8df1,61042a233e3ac1ac8e8f8df1
7/19/2022 22:07,7/19/2022 22:13,IP Address,100,368,TRUE,7/19/2022 22:13,R_5ndtdVsq0arf6a5,,,,,anonymous,EN,,Yes,,Edge,103.0.1264.62,Windows NT 10.0,1366x768,Some,Frustrated,Only some of the time,Government should do more to solve problems.,Slightly Agree,Slightly Disagree,Slightly Disagree,Neither Agree nor Disagree,Slightly Agree,Slightly Agree,Agree,Slightly Disagree,Slightly Disagree,Slightly Agree,Neither Agree nor Disagree,Neither Agree nor Disagree,Neither Agree nor Disagree,Slightly Agree,Neither Agree nor Disagree,Neither Agree nor Disagree,Neither Agree nor Disagree,Neither Agree nor Disagree,Once a week,,arm1_control,5fffdc5f626a1e1582ab6b9e,5fffdc5f626a1e1582ab6b9e
7/19/2022 22:10,7/19/2022 22:13,IP Address,100,178,TRUE,7/19/2022 22:13,R_114kju5c9Mertlv,,,,,anonymous,EN,,Yes,,Chrome,103.0.0.0,Windows NT 10.0,1280x720,None at all,Angry,Never,Government should do more to solve problems.,Slightly Disagree,Slightly Disagree,Disagree,Slightly Agree,Slightly Disagree,Strongly Agree,Strongly Agree,Slightly Agree,Slightly Agree,Slightly Agree,Slightly Agree,Neither Agree nor Disagree,Neither Agree nor Disagree,Slightly Agree,Neither Agree nor Disagree,Neither Agree nor Disagree,Slightly Agree,Neither Agree nor Disagree,Once a month,,arm1_control,5ef1a8b1cace0944cede7c16,5ef1a8b1cace0944cede7c16
7/19/2022 22:10,7/19/2022 22:13,IP Address,100,142,TRUE,7/19/2022 22:13,R_1i84F3oQQgwuaFS,,,,,anonymous,EN,,Yes,,Chrome,103.0.0.0,Windows NT 10.0,1920x1080,Some,Frustrated,Only some of the time,Government is doing too many things better left to businesses and individuals.,Disagree,Slightly Disagree,Slightly Disagree,Slightly Disagree,Agree,Slightly Agree,Agree,Agree,Slightly Agree,Slightly Agree,Neither Agree nor Disagree,Slightly Disagree,Slightly Agree,Agree,Slightly Agree,Agree,Slightly Agree,Slightly Agree,Once a week,,arm4_interactive,56e72067c89073000be77fdf,56e72067c89073000be77fdf
7/19/2022 22:12,7/19/2022 22:14,IP Address,100,102,TRUE,7/19/2022 22:14,R_2zclp8OoRnmUwMb,,,,,anonymous,EN,,Yes,,Chrome,103.0.0.0,Windows NT 10.0,1920x1080,Very little,Angry,Never,Government should do more to solve problems.,Slightly Disagree,Neither Agree nor Disagree,Slightly Disagree,Slightly Agree,Neither Agree nor Disagree,Slightly Agree,Slightly Agree,Agree,Neither Agree nor Disagree,Neither Agree nor Disagree,Neither Agree nor Disagree,Disagree,Neither Agree nor Disagree,Neither Agree nor Disagree,Slightly Disagree,Neither Agree nor Disagree,Neither Agree nor Disagree,Neither Agree nor Disagree,Once a week,,arm4_interactive,5ffe97d636fe8d54580c662e,5ffe97d636fe8d54580c662e
7/19/2022 22:11,7/19/2022 22:14,IP Address,100,235,TRUE,7/19/2022 22:14,R_Rt43fnwSZrHWhDb,,,,,anonymous,EN,,Yes,,Chrome,103.0.0.0,CrOS x86_64 14816.99.0,1517x853,Some,Frustrated,Only some of the time,Government is doing too many things better left to businesses and individuals.,Slightly Agree,Slightly Agree,Slightly Agree,Slightly Agree,Slightly Agree,Slightly Disagree,Slightly Disagree,Disagree,Neither Agree nor Disagree,Neither Agree nor Disagree,Neither Agree nor Disagree,Slightly Disagree,Slightly Disagree,Neither Agree nor Disagree,Slightly Disagree,Neither Agree nor Disagree,Slightly Disagree,Neither Agree nor Disagree,Once a week,,arm1_control,5f66893ee1a5b726ff88b66f,5f66893ee1a5b726ff88b66f
7/19/2022 22:12,7/19/2022 22:15,IP Address,100,155,TRUE,7/19/2022 22:15,R_2DXO5MA3IK9J2r3,,,,,anonymous,EN,,Yes,,Chrome,103.0.0.0,Android 12,412x915,None at all,Angry,Never,Government is doing too many things better left to businesses and individuals.,Slightly Disagree,Slightly Disagree,Strongly Disagree,Slightly Disagree,Agree,Strongly Agree,Strongly Agree,Agree,Disagree,Disagree,Disagree,Disagree,Neither Agree nor Disagree,Disagree,Disagree,Disagree,Slightly Disagree,Disagree,A few times a year,,arm1_control,5e27fa29d91131a0838c9571,5e27fa29d91131a0838c9571
7/19/2022 22:12,7/19/2022 22:15,IP Address,100,193,TRUE,7/19/2022 22:15,R_12Q0ZvYuIHVDGKR,,,,,anonymous,EN,,Yes,,Chrome,101.0.4951.64,Macintosh,1440x900,None at all,Angry,Never,Government should do more to solve problems.,Neither Agree nor Disagree,Neither Agree nor Disagree,Disagree,Neither Agree nor Disagree,Slightly Agree,Slightly Agree,Strongly Agree,Neither Agree nor Disagree,Slightly Agree,Neither Agree nor Disagree,Neither Agree nor Disagree,Neither Agree nor Disagree,Neither Agree nor Disagree,Neither Agree nor Disagree,,Neither Agree nor Disagree,Slightly Agree,Neither Agree nor Disagree,A few times a year,,arm1_control,6053af3d174c57ddfb0796e5,6053af3d174c57ddfb0796e5
7/19/2022 22:12,7/19/2022 22:15,IP Address,100,157,TRUE,7/19/2022 22:15,R_DDaQXGH4UQyB1Jv,,,,,anonymous,EN,,Yes,,Chrome iPhone,103.0.5060.63,iPhone,390x844,Very little,Frustrated,Only some of the time,Government is doing too many things better left to businesses and individuals.,Neither Agree nor Disagree,Neither Agree nor Disagree,Strongly Disagree,Slightly Agree,Strongly Agree,Agree,Strongly Agree,Slightly Agree,Disagree,Disagree,Neither Agree nor Disagree,Slightly Disagree,Disagree,Slightly Agree,Disagree,Slightly Disagree,Disagree,Neither Agree nor Disagree,A few times a week / Daily,,arm4_interactive,5d26bcea1275800015ccd653,5d26bcea1275800015ccd653
7/19/2022 21:58,7/19/2022 22:16,IP Address,100,1055,TRUE,7/19/2022 22:16,R_3HM5yMoBZySZOhb,,,,,anonymous,EN,,Yes,,Chrome,103.0.0.0,Macintosh,2560x1080,Very little,Frustrated,Only some of the time,Government should do more to solve problems.,Slightly Agree,,Slightly Agree,Slightly Disagree,Slightly Disagree,Slightly Agree,Agree,Agree,Slightly Agree,Agree,Agree,Slightly Agree,Agree,Neither Agree nor Disagree,Agree,Slightly Agree,Agree,Slightly Agree,A few times a week / Daily,,arm4_interactive,5eeaae5f4c86581c32bf9a82,5eeaae5f4c86581c32bf9a82
7/19/2022 22:04,7/19/2022 22:17,IP Address,100,773,TRUE,7/19/2022 22:17,R_2riQFLdgCF9OJgm,,,,,anonymous,EN,,Yes,,Edge,103.0.1264.44,Windows NT 10.0,1280x800,Some,Frustrated,Only some of the time,Government should do more to solve problems.,Slightly Agree,Neither Agree nor Disagree,Slightly Disagree,Neither Agree nor Disagree,Slightly Disagree,Agree,Agree,Slightly Agree,Slightly Agree,Neither Agree nor Disagree,Slightly Agree,Slightly Agree,Slightly Agree,Slightly Agree,Slightly Agree,Slightly Agree,Agree,Neither Agree nor Disagree,Once a month,,arm4_interactive,5f7d4a2c5db79d21c7d07240,5f7d4a2c5db79d21c7d07240
7/19/2022 22:13,7/19/2022 22:17,IP Address,100,239,TRUE,7/19/2022 22:17,R_3iUbXahqjyPVKg6,,,,,anonymous,EN,,Yes,,Safari,15.5,Macintosh,768x1024,Some,Frustrated,Only some of the time,Government should do more to solve problems.,Neither Agree nor Disagree,Disagree,Neither Agree nor Disagree,Slightly Disagree,Slightly Agree,Slightly Agree,Agree,Neither Agree nor Disagree,Slightly Agree,Slightly Agree,Slightly Agree,Neither Agree nor Disagree,Agree,Slightly Agree,Slightly Agree,Neither Agree nor Disagree,Slightly Agree,Slightly Agree,Once a month,,arm4_interactive,62364c10bb4ce3756204b708,62364c10bb4ce3756204b708
7/19/2022 22:01,7/19/2022 22:17,IP Address,100,935,TRUE,7/19/2022 22:17,R_28FCJhjzSOlzxxJ,,,,,anonymous,EN,,Yes,,Safari iPhone,15.5,iPhone,414x896,Some,Frustrated,Only some of the time,Government should do more to solve problems.,Slightly Agree,Disagree,Slightly Disagree,Slightly Agree,Strongly Agree,Agree,Strongly Agree,Strongly Agree,Agree,Slightly Disagree,Agree,Agree,Agree,Agree,Agree,Agree,Agree,Agree,A few times a year,,arm1_control,5eb9a5d26a983a0c679897bf,5eb9a5d26a983a0c679897bf
7/19/2022 21:50,7/19/2022 22:17,IP Address,100,1628,TRUE,7/19/2022 22:17,R_1FgIJPMRvWEwbYw,,,,,anonymous,EN,,Yes,,Firefox,84,Macintosh,1440x900,Very little,Angry,Never,Government should do more to solve problems.,Slightly Agree,Slightly Agree,Disagree,Slightly Agree,Slightly Agree,Agree,Strongly Agree,Agree,Disagree,Neither Agree nor Disagree,Neither Agree nor Disagree,Disagree,Neither Agree nor Disagree,Slightly Agree,Neither Agree nor Disagree,Disagree,Neither Agree nor Disagree,Disagree,Once a month,,arm1_control,61036d82825c5dfea8a60357,61036d82825c5dfea8a60357
7/19/2022 22:10,7/19/2022 22:18,IP Address,100,453,TRUE,7/19/2022 22:18,R_2xDfifazKV1Y7FO,,,,,anonymous,EN,,Yes,,Chrome,103.0.0.0,Android 12,393x786,Quite a lot,Frustrated,Only some of the time,Government should do more to solve problems.,Agree,Neither Agree nor Disagree,Agree,Agree,Disagree,Neither Agree nor Disagree,Agree,Neither Agree nor Disagree,Slightly Agree,Neither Agree nor Disagree,Neither Agree nor Disagree,Neither Agree nor Disagree,Neither Agree nor Disagree,Slightly Disagree,Neither Agree nor Disagree,Neither Agree nor Disagree,Neither Agree nor Disagree,Slightly Agree,Once a month,,arm4_interactive,6234a8a7dca8124a2b88859b,6234a8a7dca8124a2b88859b
7/19/2022 22:21,7/19/2022 22:24,IP Address,100,189,TRUE,7/19/2022 22:24,R_2bQoinB0ATJ9zjz,,,,,anonymous,EN,,Yes,,Chrome,103.0.0.0,Android 11,800x1334,Some,Basically content,Only some of the time,Government should do more to solve problems.,Slightly Agree,Slightly Agree,Slightly Agree,Slightly Agree,Disagree,Neither Agree nor Disagree,Strongly Agree,Slightly Disagree,Agree,Strongly Agree,Agree,Agree,Strongly Agree,Slightly Agree,Strongly Agree,Slightly Agree,Agree,Disagree,A few times a week / Daily,,arm4_interactive,596d2b76ed56f400011f501f,596d2b76ed56f400011f501f
7/19/2022 21:24,7/19/2022 21:24,IP Address,28,10,FALSE,7/20/2022 21:24,R_27rDYjL1DjtRJCq,,,,,anonymous,EN,,Yes,,,,,,,,,,,,,,,,,,,,,,,,,,,,,,notSet,5d2df0ea75dcce001a62aa2f,5d2df0ea75dcce001a62aa2f
