_id,userId,eventType,metadata,workflowId,templateName,templateType,created
62c707498c185b4ab103413d,SteveBB3,marked_scam,,Test,walmart.html,webpage,2022-07-07T16:18:17.325Z
62c707478c185b4ab103413c,SteveBB3,marked_scam,,Test,ssa_replacementCard.html,email,2022-07-07T16:18:15.524Z
62c707458c185b4ab103413b,SteveBB3,marked_scam,,Test,ssa_optOut.html,email,2022-07-07T16:18:13.264Z
62c707438c185b4ab103413a,SteveBB3,marked_scam,,Test,ssaFb.html,webpage,2022-07-07T16:18:11.090Z
62c707418c185b4ab1034139,SteveBB3,marked_scam,,Test,amazon_maskDelivery.html,email,2022-07-07T16:18:09.027Z
62c7073e8c185b4ab1034138,SteveBB3,marked_scam,,Test,mySocialSecurity.html,webpage,2022-07-07T16:18:06.431Z
62c7073b8c185b4ab1034137,SteveBB3,marked_scam,,Test,ssa.html,webpage,2022-07-07T16:18:03.925Z
62c7073b8c185b4ab1034136,SteveBB3,marked_scam,,Test,redcross_covidRelief.html,email,2022-07-07T16:18:03.824Z
62c34c6660ef5eded288afd5,5f0121307086ce26f958afb2,marked_real,,Test,walmart.html,webpage,2022-07-04T20:24:06.953Z
62c34c5860ef5eded288afd4,5f0121307086ce26f958afb2,marked_real,,Test,ssa_replacementCard.html,email,2022-07-04T20:23:52.467Z
62c34c5460ef5eded288afd3,5f0121307086ce26f958afb2,email_details_collapsed,,Test,ssa_replacementCard.html,email,2022-07-04T20:23:48.711Z
62c34c5160ef5eded288afd2,5f0121307086ce26f958afb2,email_details_expanded,,Test,ssa_replacementCard.html,email,2022-07-04T20:23:45.995Z
62c34c4f60ef5eded288afd1,5f0121307086ce26f958afb2,marked_real,,Test,ssa_optOut.html,email,2022-07-04T20:23:43.810Z
62c34c3660ef5eded288afd0,5f0121307086ce26f958afb2,email_details_collapsed,,Test,ssa_optOut.html,email,2022-07-04T20:23:18.252Z
62c34c3060ef5eded288afcf,5f0121307086ce26f958afb2,email_details_expanded,,Test,ssa_optOut.html,email,2022-07-04T20:23:12.156Z
62c34c2d60ef5eded288afce,5f0121307086ce26f958afb2,marked_real,,Test,ssaFb.html,webpage,2022-07-04T20:23:09.124Z
62c34c2260ef5eded288afcd,5f0121307086ce26f958afb2,marked_real,,Test,amazon_maskDelivery.html,email,2022-07-04T20:22:58.554Z
62c34c2160ef5eded288afcc,5f0121307086ce26f958afb2,email_details_collapsed,,Test,amazon_maskDelivery.html,email,2022-07-04T20:22:57.436Z
62c34c1e60ef5eded288afcb,5f0121307086ce26f958afb2,email_details_expanded,,Test,amazon_maskDelivery.html,email,2022-07-04T20:22:54.602Z
62c34c1a60ef5eded288afca,5f0121307086ce26f958afb2,marked_real,,Test,mySocialSecurity.html,webpage,2022-07-04T20:22:50.178Z
62c34c0e60ef5eded288afc9,5f0121307086ce26f958afb2,marked_real,,Test,ssa.html,webpage,2022-07-04T20:22:38.018Z
62c34c0760ef5eded288afc8,5f0121307086ce26f958afb2,marked_scam,,Test,redcross_covidRelief.html,email,2022-07-04T20:22:31.945Z
62c34bfe60ef5eded288afc7,5f0121307086ce26f958afb2,email_details_collapsed,,Test,redcross_covidRelief.html,email,2022-07-04T20:22:22.051Z
62c34bfb60ef5eded288afc6,5f0121307086ce26f958afb2,email_details_expanded,,Test,redcross_covidRelief.html,email,2022-07-04T20:22:19.493Z
62c34bc960ef5eded288afc5,5f0121307086ce26f958afb2,marked_real,,Training,getProtected.html,email,2022-07-04T20:21:29.907Z
62c34bbf60ef5eded288afc4,5f0121307086ce26f958afb2,email_details_collapsed,,Training,getProtected.html,email,2022-07-04T20:21:19.522Z
62c34bbb60ef5eded288afc3,5f0121307086ce26f958afb2,email_details_expanded,,Training,getProtected.html,email,2022-07-04T20:21:15.335Z
62c34bb560ef5eded288afc2,5f0121307086ce26f958afb2,marked_real,,Training,mcafee.html,email,2022-07-04T20:21:09.862Z
62c34ba360ef5eded288afc1,5f0121307086ce26f958afb2,email_details_collapsed,,Training,mcafee.html,email,2022-07-04T20:20:51.781Z
62c34b9d60ef5eded288afc0,5f0121307086ce26f958afb2,email_details_expanded,,Training,mcafee.html,email,2022-07-04T20:20:45.471Z
62c34b7a60ef5eded288afbf,5f0121307086ce26f958afb2,marked_real,,Training,amazonProductPage.html,webpage,2022-07-04T20:20:10.513Z
62c34b6260ef5eded288afbe,5f0121307086ce26f958afb2,marked_real,,Training,appleID.html,webpage,2022-07-04T20:19:46.874Z
62c34b5d60ef5eded288afbd,5f0121307086ce26f958afb2,link_clicked,https://appleid.apple.com/#/#ac-gn-menustate,Training,appleID.html,webpage,2022-07-04T20:19:41.301Z
62c34b5260ef5eded288afbc,5f0121307086ce26f958afb2,marked_real,,Training,IRS_YourAccount.html,webpage,2022-07-04T20:19:30.281Z
62c34b3960ef5eded288afbb,5f0121307086ce26f958afb2,marked_scam,,Training,irs.html,email,2022-07-04T20:19:05.523Z
62c34b2c60ef5eded288afba,5f0121307086ce26f958afb2,email_details_collapsed,,Training,irs.html,email,2022-07-04T20:18:52.157Z
62c34b2560ef5eded288afb9,5f0121307086ce26f958afb2,email_details_expanded,,Training,irs.html,email,2022-07-04T20:18:45.284Z
62c34b1a60ef5eded288afb8,5f0121307086ce26f958afb2,marked_real,,Training,amazonHP.html,webpage,2022-07-04T20:18:33.999Z
62c34aeb60ef5eded288afb7,5f0121307086ce26f958afb2,marked_real,,Training,protectYourself.html,email,2022-07-04T20:17:47.954Z
62c349f760ef5eded288afb6,5faeb8eb6562cd0163f216ec,marked_scam,,Test,ssa_replacementCard.html,email,2022-07-04T20:13:43.847Z
62c349f460ef5eded288afb5,5faeb8eb6562cd0163f216ec,email_details_expanded,,Test,ssa_replacementCard.html,email,2022-07-04T20:13:40.318Z
62c349ee60ef5eded288afb4,5faeb8eb6562cd0163f216ec,marked_scam,,Test,ssa_optOut.html,email,2022-07-04T20:13:34.771Z
62c349e160ef5eded288afb3,5faeb8eb6562cd0163f216ec,marked_scam,,Test,ssaFb.html,webpage,2022-07-04T20:13:21.412Z
62c349d260ef5eded288afb2,5faeb8eb6562cd0163f216ec,marked_real,,Test,amazon_maskDelivery.html,email,2022-07-04T20:13:06.227Z
62c349ce60ef5eded288afb1,5faeb8eb6562cd0163f216ec,email_details_expanded,,Test,amazon_maskDelivery.html,email,2022-07-04T20:13:02.901Z
62c349ca60ef5eded288afb0,5faeb8eb6562cd0163f216ec,marked_real,,Test,mySocialSecurity.html,webpage,2022-07-04T20:12:58.958Z
62c349c760ef5eded288afaf,5faeb8eb6562cd0163f216ec,marked_real,,Test,ssa.html,webpage,2022-07-04T20:12:55.354Z
62c349c060ef5eded288afae,5faeb8eb6562cd0163f216ec,marked_real,,Test,redcross_covidRelief.html,email,2022-07-04T20:12:48.961Z
62c349b060ef5eded288afad,5faeb8eb6562cd0163f216ec,email_details_expanded,,Test,redcross_covidRelief.html,email,2022-07-04T20:12:32.912Z
62c348db60ef5eded288afac,6126c68385863fa349a80305,marked_real,,Test,walmart.html,webpage,2022-07-04T20:08:59.550Z
62c348d360ef5eded288afab,6126c68385863fa349a80305,marked_scam,,Test,ssa_replacementCard.html,email,2022-07-04T20:08:51.428Z
62c348cf60ef5eded288afaa,6126c68385863fa349a80305,marked_scam,,Test,ssa_optOut.html,email,2022-07-04T20:08:47.599Z
62c348c960ef5eded288afa9,62c2d76bf4f59bba67bd6b2b,marked_scam,,Test,ssa_replacementCard.html,email,2022-07-04T20:08:41.229Z
62c348c760ef5eded288afa8,6126c68385863fa349a80305,marked_scam,,Test,ssaFb.html,webpage,2022-07-04T20:08:39.064Z
62c348c260ef5eded288afa7,62c2d76bf4f59bba67bd6b2b,marked_scam,,Test,ssa_optOut.html,email,2022-07-04T20:08:34.256Z
62c348be60ef5eded288afa6,6126c68385863fa349a80305,marked_real,,Test,amazon_maskDelivery.html,email,2022-07-04T20:08:30.396Z
62c348b360ef5eded288afa5,6126c68385863fa349a80305,marked_scam,,Test,mySocialSecurity.html,webpage,2022-07-04T20:08:19.281Z
62c348ae60ef5eded288afa4,62c2d76bf4f59bba67bd6b2b,marked_scam,,Test,ssaFb.html,webpage,2022-07-04T20:08:14.387Z
62c348ab60ef5eded288afa3,6126c68385863fa349a80305,marked_real,,Test,ssa.html,webpage,2022-07-04T20:08:11.866Z
62c348a060ef5eded288afa2,6126c68385863fa349a80305,marked_real,,Test,redcross_covidRelief.html,email,2022-07-04T20:08:00.311Z
62c3489960ef5eded288afa1,62c2d76bf4f59bba67bd6b2b,marked_real,,Test,amazon_maskDelivery.html,email,2022-07-04T20:07:53.844Z
62c3489460ef5eded288afa0,6126c68385863fa349a80305,link_clicked,http://www.redcrossblood.co,Test,redcross_covidRelief.html,email,2022-07-04T20:07:48.948Z
62c3488b60ef5eded288af9f,62c2d76bf4f59bba67bd6b2b,marked_scam,,Test,mySocialSecurity.html,webpage,2022-07-04T20:07:39.389Z
62c3488260ef5eded288af9e,62c2d76bf4f59bba67bd6b2b,marked_real,,Test,ssa.html,webpage,2022-07-04T20:07:30.932Z
62c3487460ef5eded288af9d,62c2d76bf4f59bba67bd6b2b,link_clicked,https://faq.ssa.gov/en-us/Topic/article/KA-10018,Test,ssa.html,webpage,2022-07-04T20:07:16.343Z
62c3486b60ef5eded288af9c,62c2d76bf4f59bba67bd6b2b,marked_real,,Test,redcross_covidRelief.html,email,2022-07-04T20:07:07.848Z
62c3485a60ef5eded288af9b,5f0a5a99dbbf721316f118e2,marked_real,,Test,walmart.html,webpage,2022-07-04T20:06:50.171Z
62c3481060ef5eded288af9a,5f0a5a99dbbf721316f118e2,marked_real,,Test,ssa_replacementCard.html,email,2022-07-04T20:05:36.090Z
62c347fb60ef5eded288af99,5f0a5a99dbbf721316f118e2,marked_scam,,Test,ssa_optOut.html,email,2022-07-04T20:05:15.219Z
62c347f260ef5eded288af98,5f0a5a99dbbf721316f118e2,email_details_expanded,,Test,ssa_optOut.html,email,2022-07-04T20:05:06.353Z
62c347db60ef5eded288af97,5f0a5a99dbbf721316f118e2,marked_real,,Test,ssaFb.html,webpage,2022-07-04T20:04:43.545Z
62c347c060ef5eded288af96,5f0a5a99dbbf721316f118e2,marked_real,,Test,amazon_maskDelivery.html,email,2022-07-04T20:04:16.409Z
62c347bb60ef5eded288af95,5f0a5a99dbbf721316f118e2,email_details_expanded,,Test,amazon_maskDelivery.html,email,2022-07-04T20:04:11.231Z
62c347ad60ef5eded288af94,5f0a5a99dbbf721316f118e2,marked_scam,,Test,mySocialSecurity.html,webpage,2022-07-04T20:03:57.954Z
62c3479c60ef5eded288af93,5f0a5a99dbbf721316f118e2,marked_real,,Test,ssa.html,webpage,2022-07-04T20:03:40.422Z
62c3479b60ef5eded288af92,611856f2838637d026064221,marked_real,,Test,walmart.html,webpage,2022-07-04T20:03:39.728Z
62c3479060ef5eded288af91,62c0c10138f386a203bbf434,marked_real,,Test,walmart.html,webpage,2022-07-04T20:03:28.798Z
62c3478d60ef5eded288af90,5f0a5a99dbbf721316f118e2,marked_scam,,Test,redcross_covidRelief.html,email,2022-07-04T20:03:25.930Z
62c3478b60ef5eded288af8f,62c0c10138f386a203bbf434,marked_scam,,Test,ssa_replacementCard.html,email,2022-07-04T20:03:23.072Z
62c3478a60ef5eded288af8e,5f0a5a99dbbf721316f118e2,email_details_expanded,,Test,redcross_covidRelief.html,email,2022-07-04T20:03:22.791Z
62c3478560ef5eded288af8d,62c0c10138f386a203bbf434,marked_scam,,Test,ssa_optOut.html,email,2022-07-04T20:03:17.729Z
62c3478260ef5eded288af8c,611856f2838637d026064221,marked_real,,Test,ssa_replacementCard.html,email,2022-07-04T20:03:14.506Z
62c3477860ef5eded288af8b,62c0c10138f386a203bbf434,marked_scam,,Test,ssaFb.html,webpage,2022-07-04T20:03:04.568Z
62c3477460ef5eded288af8a,611856f2838637d026064221,marked_scam,,Test,ssa_optOut.html,email,2022-07-04T20:03:00.577Z
62c3477160ef5eded288af89,62c0c10138f386a203bbf434,marked_real,,Test,amazon_maskDelivery.html,email,2022-07-04T20:02:57.611Z
62c3476b60ef5eded288af88,62c0c10138f386a203bbf434,marked_scam,,Test,mySocialSecurity.html,webpage,2022-07-04T20:02:51.638Z
62c3476760ef5eded288af87,62c0c10138f386a203bbf434,marked_real,,Test,ssa.html,webpage,2022-07-04T20:02:47.942Z
62c3476160ef5eded288af86,611856f2838637d026064221,email_details_expanded,,Test,ssa_optOut.html,email,2022-07-04T20:02:41.420Z
62c3475e60ef5eded288af85,611856f2838637d026064221,marked_scam,,Test,ssaFb.html,webpage,2022-07-04T20:02:38.416Z
62c3475a60ef5eded288af84,62c0c10138f386a203bbf434,marked_real,,Test,redcross_covidRelief.html,email,2022-07-04T20:02:34.614Z
62c3474e60ef5eded288af83,5f0a5a99dbbf721316f118e2,marked_scam,,Training,getProtected.html,email,2022-07-04T20:02:22.963Z
62c3474a60ef5eded288af82,5f0a5a99dbbf721316f118e2,email_details_expanded,,Training,getProtected.html,email,2022-07-04T20:02:18.215Z
62c3473b60ef5eded288af81,611856f2838637d026064221,marked_real,,Test,amazon_maskDelivery.html,email,2022-07-04T20:02:03.519Z
62c3473760ef5eded288af80,5f0a5a99dbbf721316f118e2,marked_scam,,Training,mcafee.html,email,2022-07-04T20:01:59.132Z
62c3473660ef5eded288af7f,611856f2838637d026064221,email_details_expanded,,Test,amazon_maskDelivery.html,email,2022-07-04T20:01:58.281Z
62c3472f60ef5eded288af7e,611856f2838637d026064221,marked_scam,,Test,mySocialSecurity.html,webpage,2022-07-04T20:01:51.412Z
62c3472360ef5eded288af7d,5f0a5a99dbbf721316f118e2,email_details_expanded,,Training,mcafee.html,email,2022-07-04T20:01:39.250Z
62c3471c60ef5eded288af7c,611856f2838637d026064221,marked_real,,Test,ssa.html,webpage,2022-07-04T20:01:32.380Z
62c3471360ef5eded288af7b,611856f2838637d026064221,link_clicked,https://www.ssa.gov/myaccount/replacement-card.html,Test,ssa.html,webpage,2022-07-04T20:01:23.433Z
62c3470460ef5eded288af7a,5f0a5a99dbbf721316f118e2,marked_real,,Training,amazonProductPage.html,webpage,2022-07-04T20:01:08.026Z
62c346f760ef5eded288af79,611856f2838637d026064221,marked_real,,Test,redcross_covidRelief.html,email,2022-07-04T20:00:55.557Z
62c346f460ef5eded288af78,5a5d0554ac562400015402dd,marked_real,,Test,walmart.html,webpage,2022-07-04T20:00:52.220Z
62c346ea60ef5eded288af77,5f4da0c092c4bb080b6c0ebb,marked_real,,Test,walmart.html,webpage,2022-07-04T20:00:42.302Z
62c346d960ef5eded288af76,5f0a5a99dbbf721316f118e2,marked_real,,Training,appleID.html,webpage,2022-07-04T20:00:25.373Z
62c346cb60ef5eded288af75,5a5d0554ac562400015402dd,marked_real,,Test,ssa_replacementCard.html,email,2022-07-04T20:00:11.658Z
62c346b860ef5eded288af74,5a5d0554ac562400015402dd,marked_real,,Test,ssa_optOut.html,email,2022-07-04T19:59:52.658Z
62c346b760ef5eded288af73,5f0a5a99dbbf721316f118e2,marked_real,,Training,IRS_YourAccount.html,webpage,2022-07-04T19:59:51.658Z
62c346af60ef5eded288af72,5f4da0c092c4bb080b6c0ebb,marked_real,,Test,ssa_replacementCard.html,email,2022-07-04T19:59:43.844Z
62c346ac60ef5eded288af71,5f4da0c092c4bb080b6c0ebb,email_details_collapsed,,Test,ssa_replacementCard.html,email,2022-07-04T19:59:40.093Z
62c346a060ef5eded288af70,611856f2838637d026064221,email_details_expanded,,Test,redcross_covidRelief.html,email,2022-07-04T19:59:28.958Z
62c346a060ef5eded288af6f,5f4da0c092c4bb080b6c0ebb,email_details_expanded,,Test,ssa_replacementCard.html,email,2022-07-04T19:59:28.195Z
62c3469d60ef5eded288af6e,5f0a5a99dbbf721316f118e2,marked_scam,,Training,irs.html,email,2022-07-04T19:59:25.715Z
62c3469c60ef5eded288af6d,5a5d0554ac562400015402dd,marked_scam,,Test,ssaFb.html,webpage,2022-07-04T19:59:24.162Z
62c3469660ef5eded288af6c,5f0a5a99dbbf721316f118e2,email_details_expanded,,Training,irs.html,email,2022-07-04T19:59:18.784Z
62c3469260ef5eded288af6b,5f4da0c092c4bb080b6c0ebb,email_details_collapsed,,Test,ssa_replacementCard.html,email,2022-07-04T19:59:14.331Z
62c3469060ef5eded288af6a,5f579cc797c3ee2607f6e344,marked_real,,Test,walmart.html,webpage,2022-07-04T19:59:12.032Z
62c3468c60ef5eded288af69,5f4da0c092c4bb080b6c0ebb,email_details_expanded,,Test,ssa_replacementCard.html,email,2022-07-04T19:59:08.180Z
62c3468960ef5eded288af68,5f4da0c092c4bb080b6c0ebb,marked_real,,Test,ssa_optOut.html,email,2022-07-04T19:59:05.682Z
62c3468060ef5eded288af67,5f0a5a99dbbf721316f118e2,marked_real,,Training,amazonHP.html,webpage,2022-07-04T19:58:56.689Z
62c3467c60ef5eded288af66,5f579cc797c3ee2607f6e344,button_clicked,,Test,walmart.html,webpage,2022-07-04T19:58:52.563Z
62c3467960ef5eded288af65,5f0a5a99dbbf721316f118e2,link_clicked,https://www.amazon.com/ref=nav_logo,Training,amazonHP.html,webpage,2022-07-04T19:58:49.562Z
62c3467360ef5eded288af64,5a5d0554ac562400015402dd,marked_real,,Test,amazon_maskDelivery.html,email,2022-07-04T19:58:43.492Z
62c3466d60ef5eded288af63,5f579cc797c3ee2607f6e344,marked_real,,Test,ssa_replacementCard.html,email,2022-07-04T19:58:37.130Z
62c3466c60ef5eded288af62,5f4da0c092c4bb080b6c0ebb,email_details_collapsed,,Test,ssa_optOut.html,email,2022-07-04T19:58:36.747Z
62c3466660ef5eded288af61,5a5d0554ac562400015402dd,email_details_expanded,,Test,amazon_maskDelivery.html,email,2022-07-04T19:58:30.778Z
62c3466560ef5eded288af60,5f579cc797c3ee2607f6e344,marked_real,,Test,ssa_optOut.html,email,2022-07-04T19:58:29.813Z
62c3466360ef5eded288af5f,5f4da0c092c4bb080b6c0ebb,email_details_expanded,,Test,ssa_optOut.html,email,2022-07-04T19:58:27.663Z
62c3466160ef5eded288af5e,5f579cc797c3ee2607f6e344,email_details_expanded,,Test,ssa_optOut.html,email,2022-07-04T19:58:25.340Z
62c3465e60ef5eded288af5d,5f579cc797c3ee2607f6e344,marked_scam,,Test,ssaFb.html,webpage,2022-07-04T19:58:22.765Z
62c3465c60ef5eded288af5c,5f4da0c092c4bb080b6c0ebb,marked_real,,Test,ssaFb.html,webpage,2022-07-04T19:58:20.439Z
62c3465060ef5eded288af5b,5a5d0554ac562400015402dd,marked_scam,,Test,mySocialSecurity.html,webpage,2022-07-04T19:58:08.949Z
62c3464b60ef5eded288af5a,5f0a5a99dbbf721316f118e2,marked_real,,Training,protectYourself.html,email,2022-07-04T19:58:03.532Z
62c3464660ef5eded288af59,5f4da0c092c4bb080b6c0ebb,link_clicked,https://l.facebook.com/l.php?u=https%3A%2F%2Fwww.socialsecuritycenter.org%2F%3Ffbclid%3DIwAR0Rd2PXhdgsc7uXDAY6Pj3O629plGA-DXcx98GU6yj3fr9I8Gzk_vNzwaM&h=AT1Qf8PHu9V5JzVzmE5_IEWkAmDJ39M76kmJOF_aLODkA7hVudKq0Jth8eeH8m0cTPprxiE0OuAiPyOUcfO5Lz-6O6PNLIEBNMqIo7_FnHLgJLJ7x6BjvDVcVRGb0kgqCLc,Test,ssaFb.html,webpage,2022-07-04T19:57:58.286Z
62c3463f60ef5eded288af58,5f579cc797c3ee2607f6e344,marked_real,,Test,amazon_maskDelivery.html,email,2022-07-04T19:57:51.167Z
62c3463660ef5eded288af57,5f579cc797c3ee2607f6e344,email_details_expanded,,Test,amazon_maskDelivery.html,email,2022-07-04T19:57:42.881Z
62c3463460ef5eded288af56,5f579cc797c3ee2607f6e344,marked_scam,,Test,mySocialSecurity.html,webpage,2022-07-04T19:57:40.818Z
62c3462b60ef5eded288af55,5a5d0554ac562400015402dd,marked_real,,Test,ssa.html,webpage,2022-07-04T19:57:31.651Z
62c3461c60ef5eded288af54,5f579cc797c3ee2607f6e344,marked_real,,Test,ssa.html,webpage,2022-07-04T19:57:16.343Z
62c3461a60ef5eded288af53,60fcae009d765669371b8c17,marked_real,,Test,walmart.html,webpage,2022-07-04T19:57:14.289Z
62c3461660ef5eded288af52,5f0a5a99dbbf721316f118e2,email_details_expanded,,Training,protectYourself.html,email,2022-07-04T19:57:10.506Z
62c3461260ef5eded288af51,5f579cc797c3ee2607f6e344,marked_scam,,Test,redcross_covidRelief.html,email,2022-07-04T19:57:06.810Z
62c3461260ef5eded288af50,60fcae009d765669371b8c17,marked_real,,Test,ssa_replacementCard.html,email,2022-07-04T19:57:06.720Z
62c3461160ef5eded288af4f,60fcae009d765669371b8c17,email_details_collapsed,,Test,ssa_replacementCard.html,email,2022-07-04T19:57:05.120Z
62c3460f60ef5eded288af4e,60fcae009d765669371b8c17,email_details_expanded,,Test,ssa_replacementCard.html,email,2022-07-04T19:57:03.049Z
62c3460660ef5eded288af4d,60fcae009d765669371b8c17,email_details_collapsed,,Test,ssa_replacementCard.html,email,2022-07-04T19:56:54.975Z
62c3460560ef5eded288af4c,60fcae009d765669371b8c17,email_details_expanded,,Test,ssa_replacementCard.html,email,2022-07-04T19:56:53.303Z
62c3460360ef5eded288af4b,60fcae009d765669371b8c17,marked_scam,,Test,ssa_optOut.html,email,2022-07-04T19:56:51.200Z
62c345fd60ef5eded288af4a,60fcae009d765669371b8c17,email_details_collapsed,,Test,ssa_optOut.html,email,2022-07-04T19:56:45.490Z
62c345fb60ef5eded288af49,60fcae009d765669371b8c17,email_details_expanded,,Test,ssa_optOut.html,email,2022-07-04T19:56:43.975Z
62c345fb60ef5eded288af48,5f4da0c092c4bb080b6c0ebb,marked_real,,Test,amazon_maskDelivery.html,email,2022-07-04T19:56:43.028Z
62c345fa60ef5eded288af47,5a5d0554ac562400015402dd,marked_scam,,Test,redcross_covidRelief.html,email,2022-07-04T19:56:42.974Z
62c345fa60ef5eded288af46,60fcae009d765669371b8c17,marked_scam,,Test,ssaFb.html,webpage,2022-07-04T19:56:42.001Z
62c345f760ef5eded288af45,5f4da0c092c4bb080b6c0ebb,email_details_collapsed,,Test,amazon_maskDelivery.html,email,2022-07-04T19:56:39.720Z
62c345f460ef5eded288af44,5f579cc797c3ee2607f6e344,email_details_expanded,,Test,redcross_covidRelief.html,email,2022-07-04T19:56:36.394Z
62c345f260ef5eded288af43,5f4da0c092c4bb080b6c0ebb,email_details_expanded,,Test,amazon_maskDelivery.html,email,2022-07-04T19:56:34.404Z
62c345e760ef5eded288af42,5f4da0c092c4bb080b6c0ebb,marked_scam,,Test,mySocialSecurity.html,webpage,2022-07-04T19:56:23.321Z
62c345d660ef5eded288af41,60fcae009d765669371b8c17,marked_real,,Test,amazon_maskDelivery.html,email,2022-07-04T19:56:06.947Z
62c345d560ef5eded288af40,60fcae009d765669371b8c17,email_details_collapsed,,Test,amazon_maskDelivery.html,email,2022-07-04T19:56:05.569Z
62c345d460ef5eded288af3f,60fcae009d765669371b8c17,email_details_expanded,,Test,amazon_maskDelivery.html,email,2022-07-04T19:56:04.716Z
62c345ce60ef5eded288af3e,5aedb8ce49bb4c0001079640,marked_real,,Test,walmart.html,webpage,2022-07-04T19:55:58.895Z
62c345ce60ef5eded288af3d,60fcae009d765669371b8c17,email_details_collapsed,,Test,amazon_maskDelivery.html,email,2022-07-04T19:55:58.349Z
62c345cc60ef5eded288af3c,60fcae009d765669371b8c17,email_details_expanded,,Test,amazon_maskDelivery.html,email,2022-07-04T19:55:56.308Z
62c345c760ef5eded288af3b,60fcae009d765669371b8c17,marked_scam,,Test,mySocialSecurity.html,webpage,2022-07-04T19:55:51.815Z
62c345c460ef5eded288af3a,5aedb8ce49bb4c0001079640,marked_real,,Test,ssa_replacementCard.html,email,2022-07-04T19:55:48.149Z
62c345c160ef5eded288af39,5f4da0c092c4bb080b6c0ebb,marked_real,,Test,ssa.html,webpage,2022-07-04T19:55:45.766Z
62c345b760ef5eded288af38,60fcae009d765669371b8c17,marked_real,,Test,ssa.html,webpage,2022-07-04T19:55:35.355Z
62c345b760ef5eded288af37,5aedb8ce49bb4c0001079640,marked_real,,Test,ssa_optOut.html,email,2022-07-04T19:55:35.309Z
62c345ac60ef5eded288af36,5aedb8ce49bb4c0001079640,email_details_expanded,,Test,ssa_optOut.html,email,2022-07-04T19:55:24.629Z
62c345ab60ef5eded288af35,60fcae009d765669371b8c17,marked_scam,,Test,redcross_covidRelief.html,email,2022-07-04T19:55:23.377Z
62c345a960ef5eded288af34,5aedb8ce49bb4c0001079640,marked_scam,,Test,ssaFb.html,webpage,2022-07-04T19:55:21.804Z
62c345a460ef5eded288af33,60fcae009d765669371b8c17,email_details_collapsed,,Test,redcross_covidRelief.html,email,2022-07-04T19:55:16.655Z
62c3459e60ef5eded288af32,60fcae009d765669371b8c17,email_details_expanded,,Test,redcross_covidRelief.html,email,2022-07-04T19:55:10.451Z
62c3459d60ef5eded288af31,5f4da0c092c4bb080b6c0ebb,marked_real,,Test,redcross_covidRelief.html,email,2022-07-04T19:55:09.408Z
62c3458460ef5eded288af30,5aedb8ce49bb4c0001079640,marked_real,,Test,amazon_maskDelivery.html,email,2022-07-04T19:54:44.281Z
62c3458160ef5eded288af2f,5f4da0c092c4bb080b6c0ebb,email_details_collapsed,,Test,redcross_covidRelief.html,email,2022-07-04T19:54:41.718Z
62c3457f60ef5eded288af2e,5aedb8ce49bb4c0001079640,email_details_expanded,,Test,amazon_maskDelivery.html,email,2022-07-04T19:54:39.360Z
62c3457960ef5eded288af2d,5aedb8ce49bb4c0001079640,marked_real,,Test,mySocialSecurity.html,webpage,2022-07-04T19:54:33.024Z
62c3457260ef5eded288af2c,5f4da0c092c4bb080b6c0ebb,email_details_expanded,,Test,redcross_covidRelief.html,email,2022-07-04T19:54:26.247Z
62c3457160ef5eded288af2b,60fcae009d765669371b8c17,marked_scam,,Training,getProtected.html,email,2022-07-04T19:54:25.117Z
62c3456b60ef5eded288af2a,60fcae009d765669371b8c17,email_details_collapsed,,Training,getProtected.html,email,2022-07-04T19:54:19.907Z
62c3456460ef5eded288af29,60fcae009d765669371b8c17,email_details_expanded,,Training,getProtected.html,email,2022-07-04T19:54:12.826Z
62c3456060ef5eded288af28,60fcae009d765669371b8c17,marked_real,,Training,mcafee.html,email,2022-07-04T19:54:08.301Z
62c3455d60ef5eded288af27,5aedb8ce49bb4c0001079640,marked_real,,Test,ssa.html,webpage,2022-07-04T19:54:05.181Z
62c3455c60ef5eded288af26,60fcae009d765669371b8c17,email_details_collapsed,,Training,mcafee.html,email,2022-07-04T19:54:04.888Z
62c3455960ef5eded288af25,60fcae009d765669371b8c17,email_details_expanded,,Training,mcafee.html,email,2022-07-04T19:54:01.720Z
62c3455460ef5eded288af24,5aedb8ce49bb4c0001079640,marked_real,,Test,redcross_covidRelief.html,email,2022-07-04T19:53:56.599Z
62c3454860ef5eded288af23,60fcae009d765669371b8c17,marked_real,,Training,amazonProductPage.html,webpage,2022-07-04T19:53:44.009Z
62c3453460ef5eded288af22,5aedb8ce49bb4c0001079640,email_details_expanded,,Test,redcross_covidRelief.html,email,2022-07-04T19:53:24.904Z
62c3452260ef5eded288af21,60fcae009d765669371b8c17,marked_real,,Training,appleID.html,webpage,2022-07-04T19:53:06.279Z
62c3451360ef5eded288af20,60fcae009d765669371b8c17,marked_real,,Training,IRS_YourAccount.html,webpage,2022-07-04T19:52:51.448Z
62c344fe60ef5eded288af1f,60fcae009d765669371b8c17,marked_scam,,Training,irs.html,email,2022-07-04T19:52:30.767Z
62c344f160ef5eded288af1e,60fcae009d765669371b8c17,email_details_collapsed,,Training,irs.html,email,2022-07-04T19:52:17.126Z
62c344ed60ef5eded288af1d,60fcae009d765669371b8c17,email_details_expanded,,Training,irs.html,email,2022-07-04T19:52:13.073Z
62c344e760ef5eded288af1c,6106cf67f5ceadad19438481,marked_real,,Test,walmart.html,webpage,2022-07-04T19:52:07.846Z
62c344dd60ef5eded288af1b,6106cf67f5ceadad19438481,marked_real,,Test,ssa_replacementCard.html,email,2022-07-04T19:51:57.120Z
62c344db60ef5eded288af1a,60fcae009d765669371b8c17,marked_real,,Training,amazonHP.html,webpage,2022-07-04T19:51:55.067Z
62c344d760ef5eded288af19,6106cf67f5ceadad19438481,marked_real,,Test,ssa_optOut.html,email,2022-07-04T19:51:51.570Z
62c344d760ef5eded288af18,6106cf67f5ceadad19438481,email_details_expanded,,Test,ssa_optOut.html,email,2022-07-04T19:51:51.528Z
62c344cb60ef5eded288af17,60fcae009d765669371b8c17,marked_real,,Training,protectYourself.html,email,2022-07-04T19:51:39.734Z
62c344c960ef5eded288af16,60fcae009d765669371b8c17,email_details_collapsed,,Training,protectYourself.html,email,2022-07-04T19:51:37.638Z
62c344c860ef5eded288af15,60fcae009d765669371b8c17,email_details_expanded,,Training,protectYourself.html,email,2022-07-04T19:51:36.341Z
62c344c760ef5eded288af14,6106cf67f5ceadad19438481,marked_real,,Test,ssaFb.html,webpage,2022-07-04T19:51:35.064Z
62c344a760ef5eded288af13,6106cf67f5ceadad19438481,marked_real,,Test,amazon_maskDelivery.html,email,2022-07-04T19:51:03.573Z
62c344a460ef5eded288af12,6106cf67f5ceadad19438481,email_details_collapsed,,Test,amazon_maskDelivery.html,email,2022-07-04T19:51:00.768Z
62c344a360ef5eded288af11,6106cf67f5ceadad19438481,email_details_expanded,,Test,amazon_maskDelivery.html,email,2022-07-04T19:50:59.680Z
62c3449c60ef5eded288af10,6106cf67f5ceadad19438481,marked_scam,,Test,mySocialSecurity.html,webpage,2022-07-04T19:50:52.780Z
62c3449560ef5eded288af0f,6106cf67f5ceadad19438481,marked_real,,Test,ssa.html,webpage,2022-07-04T19:50:45.621Z
62c3448760ef5eded288af0e,6106cf67f5ceadad19438481,marked_real,,Test,redcross_covidRelief.html,email,2022-07-04T19:50:31.460Z
62c3447b60ef5eded288af0d,6106cf67f5ceadad19438481,email_details_collapsed,,Test,redcross_covidRelief.html,email,2022-07-04T19:50:19.561Z
62c3447760ef5eded288af0c,6106cf67f5ceadad19438481,email_details_expanded,,Test,redcross_covidRelief.html,email,2022-07-04T19:50:15.385Z
62c3445060ef5eded288af0b,608ed2b926a5b59e8a0990e1,marked_real,,Test,walmart.html,webpage,2022-07-04T19:49:36.500Z
62c3444c60ef5eded288af0a,6111a2f11add6761a59516db,marked_real,,Test,walmart.html,webpage,2022-07-04T19:49:32.091Z
62c3444960ef5eded288af09,608ed2b926a5b59e8a0990e1,marked_real,,Test,ssa_replacementCard.html,email,2022-07-04T19:49:29.035Z
62c3444160ef5eded288af08,608ed2b926a5b59e8a0990e1,marked_scam,,Test,ssa_optOut.html,email,2022-07-04T19:49:21.977Z
62c3443f60ef5eded288af07,6111a2f11add6761a59516db,marked_real,,Test,ssa_replacementCard.html,email,2022-07-04T19:49:19.368Z
62c3443960ef5eded288af06,6111a2f11add6761a59516db,marked_real,,Test,ssa_optOut.html,email,2022-07-04T19:49:13.931Z
62c3443660ef5eded288af05,608ed2b926a5b59e8a0990e1,email_details_expanded,,Test,ssa_optOut.html,email,2022-07-04T19:49:10.346Z
62c3443260ef5eded288af04,608ed2b926a5b59e8a0990e1,marked_real,,Test,ssaFb.html,webpage,2022-07-04T19:49:06.521Z
62c3442f60ef5eded288af03,6111a2f11add6761a59516db,marked_real,,Test,ssaFb.html,webpage,2022-07-04T19:49:03.407Z
62c3442260ef5eded288af02,608ed2b926a5b59e8a0990e1,marked_real,,Test,amazon_maskDelivery.html,email,2022-07-04T19:48:50.390Z
62c3442160ef5eded288af01,6111a2f11add6761a59516db,marked_real,,Test,amazon_maskDelivery.html,email,2022-07-04T19:48:49.957Z
62c3441c60ef5eded288af00,608ed2b926a5b59e8a0990e1,link_clicked,https://www.amazon.com/gp/r.html?C=1JX3MHY6WXG8Y&K=3E6OV4BZHZL5J&M=urn:rtn:msg:20200826000132a9a76798ab474821822c6230bbf0p0na&R=3IJ4237M6O6VM&T=C&U=https%3A%2F%2Fwww.amazon.com%2Fdp%2FB08CZ869C7%3Fref_%3Dpe_386300_442715950_DDT_E_DDE_dt_1&H=3AALGCAJMM92N9CNYCC97Z5TWCQA&ref_=pe_386300_442715950_DDT_E_DDE_dt_1,Test,amazon_maskDelivery.html,email,2022-07-04T19:48:44.047Z
62c3441760ef5eded288aeff,608ed2b926a5b59e8a0990e1,link_clicked,https://www.amazon.com/gp/r.html?C=1JX3MHY6WXG8Y&K=3E6OV4BZHZL5J&M=urn:rtn:msg:20200826000132a9a76798ab474821822c6230bbf0p0na&R=14VIANHZM3ZM9&T=C&U=https%3A%2F%2Fwww.amazon.com%2Fgp%2Fcss%2Fshiptrack%2Fview.html%3Fie%3DUTF8%26orderID%3D111-5681764-1322661%26orderingShipmentId%3D37343786279301%26packageId%3D1%26ref_%3Dpe_386300_442715950_DDT_E_DDE&H=N3SABJ2TEAGNLBB4TC2VSNX4NF8A&ref_=pe_386300_442715950_DDT_E_DDE,Test,amazon_maskDelivery.html,email,2022-07-04T19:48:39.688Z
62c3441260ef5eded288aefe,608ed2b926a5b59e8a0990e1,email_details_expanded,,Test,amazon_maskDelivery.html,email,2022-07-04T19:48:34.868Z
62c3441160ef5eded288aefd,6111a2f11add6761a59516db,marked_real,,Test,mySocialSecurity.html,webpage,2022-07-04T19:48:33.134Z
62c3441060ef5eded288aefc,608ed2b926a5b59e8a0990e1,marked_scam,,Test,mySocialSecurity.html,webpage,2022-07-04T19:48:32.670Z
62c3440c60ef5eded288aefb,608ed2b926a5b59e8a0990e1,marked_real,,Test,ssa.html,webpage,2022-07-04T19:48:28.187Z
62c3440a60ef5eded288aefa,6111a2f11add6761a59516db,marked_real,,Test,ssa.html,webpage,2022-07-04T19:48:26.470Z
62c3440560ef5eded288aef9,608ed2b926a5b59e8a0990e1,marked_scam,,Test,redcross_covidRelief.html,email,2022-07-04T19:48:21.750Z
62c3440260ef5eded288aef8,608ed2b926a5b59e8a0990e1,email_details_expanded,,Test,redcross_covidRelief.html,email,2022-07-04T19:48:18.545Z
62c3440060ef5eded288aef7,62b9e94484e7ffb27d90f991,marked_real,,Test,walmart.html,webpage,2022-07-04T19:48:16.769Z
62c343f760ef5eded288aef6,62b9e94484e7ffb27d90f991,marked_scam,,Test,ssa_replacementCard.html,email,2022-07-04T19:48:07.330Z
62c343f360ef5eded288aef5,6111a2f11add6761a59516db,marked_real,,Test,redcross_covidRelief.html,email,2022-07-04T19:48:03.082Z
62c343ee60ef5eded288aef4,62b9e94484e7ffb27d90f991,marked_scam,,Test,ssa_optOut.html,email,2022-07-04T19:47:58.569Z
62c343e760ef5eded288aef3,62b9e94484e7ffb27d90f991,email_details_expanded,,Test,ssa_optOut.html,email,2022-07-04T19:47:51.653Z
62c343e560ef5eded288aef2,62b9e94484e7ffb27d90f991,marked_real,,Test,ssaFb.html,webpage,2022-07-04T19:47:49.703Z
62c343de60ef5eded288aef1,62b9e94484e7ffb27d90f991,marked_real,,Test,amazon_maskDelivery.html,email,2022-07-04T19:47:42.624Z
62c343d760ef5eded288aef0,62b9e94484e7ffb27d90f991,email_details_expanded,,Test,amazon_maskDelivery.html,email,2022-07-04T19:47:35.972Z
62c343d560ef5eded288aeef,62b9e94484e7ffb27d90f991,marked_real,,Test,mySocialSecurity.html,webpage,2022-07-04T19:47:33.254Z
62c343d060ef5eded288aeee,612d54b792c80674acfa9f27,marked_real,,Test,walmart.html,webpage,2022-07-04T19:47:28.637Z
62c343cf60ef5eded288aeed,62b9e94484e7ffb27d90f991,marked_real,,Test,ssa.html,webpage,2022-07-04T19:47:27.749Z
62c343c460ef5eded288aeec,62b9e94484e7ffb27d90f991,marked_scam,,Test,redcross_covidRelief.html,email,2022-07-04T19:47:16.440Z
62c343be60ef5eded288aeeb,608ed2b926a5b59e8a0990e1,marked_real,,Training,getProtected.html,email,2022-07-04T19:47:10.488Z
62c343bb60ef5eded288aeea,612d54b792c80674acfa9f27,marked_real,,Test,ssa_replacementCard.html,email,2022-07-04T19:47:07.073Z
62c343b460ef5eded288aee9,608ed2b926a5b59e8a0990e1,email_details_expanded,,Training,getProtected.html,email,2022-07-04T19:47:00.355Z
62c343ab60ef5eded288aee8,608ed2b926a5b59e8a0990e1,marked_real,,Training,mcafee.html,email,2022-07-04T19:46:51.275Z
62c343aa60ef5eded288aee7,612d54b792c80674acfa9f27,marked_real,,Test,ssa_optOut.html,email,2022-07-04T19:46:50.896Z
62c343a960ef5eded288aee6,62b9e94484e7ffb27d90f991,email_details_expanded,,Test,redcross_covidRelief.html,email,2022-07-04T19:46:49.074Z
62c3439d60ef5eded288aee5,608ed2b926a5b59e8a0990e1,email_details_expanded,,Training,mcafee.html,email,2022-07-04T19:46:37.364Z
62c3439a60ef5eded288aee4,612d54b792c80674acfa9f27,marked_scam,,Test,ssaFb.html,webpage,2022-07-04T19:46:34.809Z
62c3439860ef5eded288aee3,608ed2b926a5b59e8a0990e1,marked_scam,,Training,amazonProductPage.html,webpage,2022-07-04T19:46:32.174Z
62c3439260ef5eded288aee2,608ed2b926a5b59e8a0990e1,link_clicked,https://www.amazon.com.tv/ref=nav_logo,Training,amazonProductPage.html,webpage,2022-07-04T19:46:26.572Z
62c3439160ef5eded288aee1,612d54b792c80674acfa9f27,marked_real,,Test,amazon_maskDelivery.html,email,2022-07-04T19:46:25.194Z
62c3438860ef5eded288aee0,612d54b792c80674acfa9f27,marked_scam,,Test,mySocialSecurity.html,webpage,2022-07-04T19:46:16.145Z
62c3438560ef5eded288aedf,608ed2b926a5b59e8a0990e1,link_clicked,https://www.amazon.com.tv/stores/Arlo/page/14B5090A-C628-46A3-94CD-992C8F95F1E2?ref_=ast_bln,Training,amazonProductPage.html,webpage,2022-07-04T19:46:13.706Z
62c3437d60ef5eded288aede,612d54b792c80674acfa9f27,marked_scam,,Test,ssa.html,webpage,2022-07-04T19:46:05.957Z
62c3437860ef5eded288aedd,608ed2b926a5b59e8a0990e1,marked_real,,Training,appleID.html,webpage,2022-07-04T19:46:00.327Z
62c3436d60ef5eded288aedc,608ed2b926a5b59e8a0990e1,marked_real,,Training,IRS_YourAccount.html,webpage,2022-07-04T19:45:49.166Z
62c3436860ef5eded288aedb,612d54b792c80674acfa9f27,marked_real,,Test,redcross_covidRelief.html,email,2022-07-04T19:45:44.608Z
62c3435c60ef5eded288aeda,5f25c13cc7c8ea1ac7a0f863,marked_real,,Test,walmart.html,webpage,2022-07-04T19:45:32.946Z
62c3435a60ef5eded288aed9,5f25c13cc7c8ea1ac7a0f863,marked_scam,,Test,ssa_replacementCard.html,email,2022-07-04T19:45:30.706Z
62c3435660ef5eded288aed8,608ed2b926a5b59e8a0990e1,marked_scam,,Training,irs.html,email,2022-07-04T19:45:26.306Z
62c3435560ef5eded288aed7,5f25c13cc7c8ea1ac7a0f863,marked_real,,Test,ssa_optOut.html,email,2022-07-04T19:45:25.365Z
62c3434c60ef5eded288aed6,608ed2b926a5b59e8a0990e1,email_details_expanded,,Training,irs.html,email,2022-07-04T19:45:16.754Z
62c3434560ef5eded288aed5,608ed2b926a5b59e8a0990e1,marked_real,,Training,amazonHP.html,webpage,2022-07-04T19:45:09.175Z
62c3433c60ef5eded288aed4,5f25c13cc7c8ea1ac7a0f863,marked_real,,Test,ssaFb.html,webpage,2022-07-04T19:45:00.543Z
62c3433860ef5eded288aed3,5f25c13cc7c8ea1ac7a0f863,marked_real,,Test,amazon_maskDelivery.html,email,2022-07-04T19:44:56.008Z
62c3433360ef5eded288aed2,5f25c13cc7c8ea1ac7a0f863,marked_scam,,Test,mySocialSecurity.html,webpage,2022-07-04T19:44:51.269Z
62c3432d60ef5eded288aed1,60ea3690567f68655f83d0b5,marked_real,,Test,walmart.html,webpage,2022-07-04T19:44:45.110Z
62c3432960ef5eded288aed0,5f25c13cc7c8ea1ac7a0f863,marked_real,,Test,ssa.html,webpage,2022-07-04T19:44:41.984Z
62c3432460ef5eded288aecf,608ed2b926a5b59e8a0990e1,marked_real,,Training,protectYourself.html,email,2022-07-04T19:44:36.639Z
62c3432060ef5eded288aece,5f25c13cc7c8ea1ac7a0f863,marked_real,,Test,redcross_covidRelief.html,email,2022-07-04T19:44:32.493Z
62c3430460ef5eded288aecd,60ea3690567f68655f83d0b5,marked_real,,Test,ssa_replacementCard.html,email,2022-07-04T19:44:04.647Z
62c342ea60ef5eded288aecc,60ea3690567f68655f83d0b5,marked_scam,,Test,ssa_optOut.html,email,2022-07-04T19:43:38.936Z
62c342d660ef5eded288aecb,60ea3690567f68655f83d0b5,email_details_expanded,,Test,ssa_optOut.html,email,2022-07-04T19:43:18.190Z
62c342be60ef5eded288aeca,60ea3690567f68655f83d0b5,marked_real,,Test,ssaFb.html,webpage,2022-07-04T19:42:54.552Z
62c3429260ef5eded288aec9,60ea3690567f68655f83d0b5,marked_real,,Test,amazon_maskDelivery.html,email,2022-07-04T19:42:10.452Z
62c3428b60ef5eded288aec8,60ea3690567f68655f83d0b5,email_details_expanded,,Test,amazon_maskDelivery.html,email,2022-07-04T19:42:03.638Z
62c3428060ef5eded288aec7,60ea3690567f68655f83d0b5,marked_scam,,Test,mySocialSecurity.html,webpage,2022-07-04T19:41:52.240Z
62c3427560ef5eded288aec6,60ea3690567f68655f83d0b5,marked_real,,Test,ssa.html,webpage,2022-07-04T19:41:41.903Z
62c3426860ef5eded288aec5,60ea3690567f68655f83d0b5,browser_dots_clicked,,Test,ssa.html,webpage,2022-07-04T19:41:28.835Z
62c3425960ef5eded288aec4,60ea3690567f68655f83d0b5,marked_scam,,Test,redcross_covidRelief.html,email,2022-07-04T19:41:13.478Z
62c3424360ef5eded288aec3,60ea3690567f68655f83d0b5,email_details_expanded,,Test,redcross_covidRelief.html,email,2022-07-04T19:40:51.877Z
62c341a560ef5eded288aec2,62b9e94484e7ffb27d90f991,marked_real,,Training,getProtected.html,email,2022-07-04T19:38:13.078Z
62c3418760ef5eded288aec1,62b9e94484e7ffb27d90f991,email_details_expanded,,Training,getProtected.html,email,2022-07-04T19:37:43.892Z
62c3417b60ef5eded288aec0,62b9e94484e7ffb27d90f991,marked_real,,Training,mcafee.html,email,2022-07-04T19:37:31.903Z
62c3417560ef5eded288aebf,62b9e94484e7ffb27d90f991,email_details_expanded,,Training,mcafee.html,email,2022-07-04T19:37:25.205Z
62c3415960ef5eded288aebe,62b9e94484e7ffb27d90f991,marked_real,,Training,amazonProductPage.html,webpage,2022-07-04T19:36:57.890Z
62c3414060ef5eded288aebd,62b9e94484e7ffb27d90f991,marked_real,,Training,appleID.html,webpage,2022-07-04T19:36:32.033Z
62c3412f60ef5eded288aebc,62b9e94484e7ffb27d90f991,marked_real,,Training,IRS_YourAccount.html,webpage,2022-07-04T19:36:15.621Z
62c3411660ef5eded288aebb,62b9e94484e7ffb27d90f991,marked_scam,,Training,irs.html,email,2022-07-04T19:35:50.557Z
62c3410c60ef5eded288aeba,62b9e94484e7ffb27d90f991,email_details_expanded,,Training,irs.html,email,2022-07-04T19:35:40.769Z
62c3410160ef5eded288aeb9,62b9e94484e7ffb27d90f991,marked_real,,Training,amazonHP.html,webpage,2022-07-04T19:35:29.628Z
62c340dc60ef5eded288aeb8,62b9e94484e7ffb27d90f991,marked_real,,Training,protectYourself.html,email,2022-07-04T19:34:52.914Z
62c340d360ef5eded288aeb7,62b9e94484e7ffb27d90f991,email_details_expanded,,Training,protectYourself.html,email,2022-07-04T19:34:43.176Z
62c3408060ef5eded288aeb6,610b04d642aa28e6f7281bce,marked_real,,Test,walmart.html,webpage,2022-07-04T19:33:20.861Z
62c3407a60ef5eded288aeb5,610b04d642aa28e6f7281bce,marked_scam,,Test,ssa_replacementCard.html,email,2022-07-04T19:33:14.140Z
62c3407460ef5eded288aeb4,610b04d642aa28e6f7281bce,marked_scam,,Test,ssa_optOut.html,email,2022-07-04T19:33:08.195Z
62c3406f60ef5eded288aeb3,610b04d642aa28e6f7281bce,marked_real,,Test,ssaFb.html,webpage,2022-07-04T19:33:03.701Z
62c3406a60ef5eded288aeb2,610b04d642aa28e6f7281bce,marked_real,,Test,amazon_maskDelivery.html,email,2022-07-04T19:32:58.084Z
62c3406560ef5eded288aeb1,610b04d642aa28e6f7281bce,marked_scam,,Test,mySocialSecurity.html,webpage,2022-07-04T19:32:53.024Z
62c3405b60ef5eded288aeb0,610b04d642aa28e6f7281bce,marked_real,,Test,ssa.html,webpage,2022-07-04T19:32:43.524Z
62c3405260ef5eded288aeaf,610b04d642aa28e6f7281bce,marked_real,,Test,redcross_covidRelief.html,email,2022-07-04T19:32:34.764Z
62c33b7d9b4c870cf71a8868,Steve3,marked_scam,,Test,walmart.html,webpage,2022-07-04T19:11:57.135Z
62c33b799b4c870cf71a8867,Steve3,marked_scam,,Test,ssa_replacementCard.html,email,2022-07-04T19:11:53.261Z
62c33b769b4c870cf71a8866,Steve3,marked_real,,Test,ssa_optOut.html,email,2022-07-04T19:11:50.736Z
62c33b749b4c870cf71a8865,Steve3,marked_scam,,Test,ssaFb.html,webpage,2022-07-04T19:11:48.473Z
62c33b719b4c870cf71a8864,Steve3,marked_scam,,Test,amazon_maskDelivery.html,email,2022-07-04T19:11:45.809Z
62c33b6f9b4c870cf71a8863,Steve3,marked_real,,Test,mySocialSecurity.html,webpage,2022-07-04T19:11:43.237Z
62c33b6c9b4c870cf71a8862,Steve3,marked_scam,,Test,ssa.html,webpage,2022-07-04T19:11:40.517Z
62c33b6a9b4c870cf71a8861,Steve3,marked_real,,Test,redcross_covidRelief.html,email,2022-07-04T19:11:38.520Z
62c33b3e9b4c870cf71a8860,Steve3,marked_scam,,Training,getProtected.html,email,2022-07-04T19:10:54.656Z
62c33b379b4c870cf71a885f,Steve3,marked_scam,,Training,mcafee.html,email,2022-07-04T19:10:47.594Z
62c33b2f9b4c870cf71a885e,Steve3,marked_scam,,Training,amazonProductPage.html,webpage,2022-07-04T19:10:39.541Z
62c33b2a9b4c870cf71a885d,Steve3,marked_scam,,Training,appleID.html,webpage,2022-07-04T19:10:34.140Z
62c33b239b4c870cf71a885c,Steve3,marked_scam,,Training,IRS_YourAccount.html,webpage,2022-07-04T19:10:27.200Z
62c33b1f9b4c870cf71a885b,Steve3,marked_real,,Training,irs.html,email,2022-07-04T19:10:23.135Z
62c33b199b4c870cf71a885a,Steve3,marked_scam,,Training,amazonHP.html,webpage,2022-07-04T19:10:17.408Z
62c33b189b4c870cf71a8859,Steve3,marked_real,,Training,protectYourself.html,email,2022-07-04T19:10:16.060Z
62c3382f9335f23cd65c953d,Steve1,link_clicked,https://www.amazon.com/gp/buyagain?ie=UTF8&ref_=nav_cs_buy_again,Training,amazonHP.html,webpage,2022-07-04T18:57:51.801Z
62c338299335f23cd65c953c,Steve1,marked_real,,Training,protectYourself.html,email,2022-07-04T18:57:45.495Z
62c3244756a51f8037315c85,,form_submitted,,1,mySocialSecurity.html,webpage,2022-07-04T17:32:55.326Z
62c31e592e5b6398d20c36d3,,link_clicked,https://www.social.security/agency/disclaimer.html,1,mySocialSecurity.html,webpage,2022-07-04T17:07:37.849Z
62c889377708309fd9dafa25,,marked_scam,,Training,getProtected.html,email,2022-07-08T19:44:55.955Z
62c8892a7708309fd9dafa24,,marked_real,,Training,mcafee.html,email,2022-07-08T19:44:42.265Z
62c889207708309fd9dafa23,,marked_scam,,Training,amazonProductPage.html,webpage,2022-07-08T19:44:32.082Z
62c889107708309fd9dafa22,,marked_real,,Training,appleID.html,webpage,2022-07-08T19:44:16.601Z
62c889027708309fd9dafa21,,marked_real,,Training,IRS_YourAccount.html,webpage,2022-07-08T19:44:02.778Z
62c888f57708309fd9dafa20,,marked_real,,Training,irs.html,email,2022-07-08T19:43:49.293Z
62c888f37708309fd9dafa1f,,email_details_collapsed,,Training,irs.html,email,2022-07-08T19:43:47.543Z
62c888f37708309fd9dafa1e,,email_details_expanded,,Training,irs.html,email,2022-07-08T19:43:47.008Z
62c888e97708309fd9dafa1d,,marked_real,,Training,amazonHP.html,webpage,2022-07-08T19:43:37.681Z
62c888d67708309fd9dafa1c,,marked_real,,Training,protectYourself.html,email,2022-07-08T19:43:18.279Z
62c888d57708309fd9dafa1b,,email_details_collapsed,,Training,protectYourself.html,email,2022-07-08T19:43:17.076Z
62c888d57708309fd9dafa1a,,email_details_expanded,,Training,protectYourself.html,email,2022-07-08T19:43:17.038Z
62c8886f7708309fd9dafa19,,marked_real,,Training,amazonProductPage.html,webpage,2022-07-08T19:41:35.616Z
62c888637708309fd9dafa18,,marked_scam,,Training,appleID.html,webpage,2022-07-08T19:41:23.739Z
62c8885b7708309fd9dafa17,,marked_real,,Training,IRS_YourAccount.html,webpage,2022-07-08T19:41:15.751Z
62c888517708309fd9dafa16,,marked_real,,Training,irs.html,email,2022-07-08T19:41:05.099Z
62c888497708309fd9dafa15,,marked_real,,Training,amazonHP.html,webpage,2022-07-08T19:40:57.122Z
62c8883f7708309fd9dafa14,,marked_real,,Training,protectYourself.html,email,2022-07-08T19:40:47.412Z
62c887467708309fd9dafa13,,marked_scam,,Training,amazonProductPage.html,webpage,2022-07-08T19:36:38.138Z
62c8873e7708309fd9dafa12,,marked_scam,,Training,appleID.html,webpage,2022-07-08T19:36:30.660Z
62c887397708309fd9dafa11,,marked_real,,Training,IRS_YourAccount.html,webpage,2022-07-08T19:36:25.001Z
62c887357708309fd9dafa10,,marked_scam,,Training,irs.html,email,2022-07-08T19:36:21.029Z
62c887307708309fd9dafa0f,,marked_scam,,Training,amazonHP.html,webpage,2022-07-08T19:36:16.944Z
62c8872c7708309fd9dafa0e,,marked_real,,Training,protectYourself.html,email,2022-07-08T19:36:12.848Z
62c886f17708309fd9dafa0d,,marked_real,,Training,amazonProductPage.html,webpage,2022-07-08T19:35:13.042Z
62c886e07708309fd9dafa0c,,marked_real,,Training,appleID.html,webpage,2022-07-08T19:34:56.917Z
62c886db7708309fd9dafa0b,,marked_real,,Training,IRS_YourAccount.html,webpage,2022-07-08T19:34:51.050Z
62c886d17708309fd9dafa0a,,marked_real,,Training,irs.html,email,2022-07-08T19:34:41.403Z
62c886cc7708309fd9dafa09,,marked_scam,,Training,amazonHP.html,webpage,2022-07-08T19:34:36.041Z
62c886c37708309fd9dafa08,,marked_real,,Training,protectYourself.html,email,2022-07-08T19:34:27.613Z
62c886a87708309fd9dafa07,,marked_real,,Training,irs.html,email,2022-07-08T19:34:00.958Z
62c886a37708309fd9dafa06,,marked_real,,Training,amazonHP.html,webpage,2022-07-08T19:33:55.262Z
62c8869a7708309fd9dafa05,,marked_real,,Training,protectYourself.html,email,2022-07-08T19:33:46.905Z
62c886917708309fd9dafa04,,marked_scam,,Training,protectYourself.html,email,2022-07-08T19:33:37.411Z
62c886787708309fd9dafa03,,marked_real,,Training,irs.html,email,2022-07-08T19:33:12.521Z
62c886727708309fd9dafa02,,marked_scam,,Training,amazonHP.html,webpage,2022-07-08T19:33:06.902Z
62c886657708309fd9dafa01,,marked_real,,Training,protectYourself.html,email,2022-07-08T19:32:53.945Z
62c886187708309fd9dafa00,,marked_scam,,Training,irs.html,email,2022-07-08T19:31:36.383Z
62c8860d7708309fd9daf9ff,,marked_real,,Training,amazonHP.html,webpage,2022-07-08T19:31:25.822Z
62c886047708309fd9daf9fe,,marked_real,,Training,protectYourself.html,email,2022-07-08T19:31:16.022Z
62c867e4b53d66c8ba8f24b8,B{RandomId},marked_real,,Training,amazonProductPage.html,webpage,2022-07-08T17:22:44.973Z
62c867cbb53d66c8ba8f24b7,B{RandomId},marked_scam,,Training,appleID.html,webpage,2022-07-08T17:22:19.029Z
62c867b6b53d66c8ba8f24b6,B{RandomId},marked_real,,Training,IRS_YourAccount.html,webpage,2022-07-08T17:21:58.067Z
62c86797b53d66c8ba8f24b5,B{RandomId},marked_real,,Training,irs.html,email,2022-07-08T17:21:27.267Z
62c86781b53d66c8ba8f24b4,B{RandomId},marked_real,,Training,amazonHP.html,webpage,2022-07-08T17:21:05.187Z
62c865a402ad3c72a8cf8115,B{RandomId},marked_real,,Training,protectYourself.html,email,2022-07-08T17:13:08.803Z
62c7996d3238d0a41c14222e,995a0ce5-fe4d-49ad-9642-b00e041fda20,marked_scam,,Training,protectYourself.html,email,2022-07-08T02:41:49.083Z
62c7994f3238d0a41c14222d,995a0ce5-fe4d-49ad-9642-b00e041fda20,marked_scam,,Training,amazonHP.html,webpage,2022-07-08T02:41:19.281Z
62c7994d3238d0a41c14222c,995a0ce5-fe4d-49ad-9642-b00e041fda20,marked_scam,,Training,protectYourself.html,email,2022-07-08T02:41:17.961Z
