,StartDate,EndDate,Status,Progress,duration_p1,Finished,RecordedDate,ResponseId,RecipientLastName,RecipientFirstName,RecipientEmail,ExternalReference,DistributionChannel,UserLanguage,Consent_BBB,Consent_Prolific,ParticipantID,Metainfo_Browser,Metainfo_Version,Metainfo_Operating System,Metainfo_Resolution,GovtConf1_Future,GovtConf2_Feel,GovtConf3_Trust,GovtConf4_Views,internet_trust_1,internet_trust_2,internet_trust_3,internet_trust_4,internet_trust_5,internet_trust_6,internet_trust_7,internet_trust_8,ssa_trust_1,ssa_trust_2,ssa_trust_3,ssa_trust_4,ssa_trust_5,ssa_trust_6,ssa_trust_7,ssa_trust_8,ssa_trust_9,ssa_trust_10,OnlineShopping,BID,surveyArm,PROLIFIC_PID,PID,NumWithHeadersOpened,NumWithLinksClicked,ProtectYourself,ProtectYourself_Clicked,ProtectYourself_Details,AmazonHP,AmazonHP_Clicked,AmazonHP_Details,email_IRS,email_IRS_Clicked,email_IRS_Details,web_IRS,web_IRS_Clicked,web_IRS_Details,apple,apple_Clicked,apple_Details,amazon_Product,amazon_Product_Clicked,amazon_Product_Details,email_mcafee,email_mcafee_Clicked,email_mcafee_Details,GetProtected,GetProtected_Clicked,GetProtected_Details,ExistInMongo_Training,MongoTraining_Complete,StartDate_p2,EndDate_p2,Status_p2,Progress_p2,duration_p2,Finished_p2,RecordedDate_p2,ResponseId_p2,RecipientLastName_p2,RecipientFirstName_p2,RecipientEmail_p2,ExternalReference_p2,DistributionChannel_p2,UserLanguage_p2,Employment,TotalIncome,Race,Education,Age_1,Gender,ExistInPart2,WalmartProduct,WalmartProduct_Clicked,WalmartProduct_Details,RedCross,RedCross_Clicked,RedCross_Details,SSA_HP,SSA_HP_Clicked,SSA_HP_Details,mySSA,mySSA_Clicked,mySSA_Details,AmazonDeliveryDelay,AmazonDeliveryDelay_Clicked,AmazonDeliveryDelay_Details,FB_SSA,FB_SSA_Clicked,FB_SSA_Details,ssa_optout,ssa_optout_Clicked,ssa_optout_Details,replacementCard,replacementCard_Clicked,replacementCard_Details,medicareReview,medicareReview_Clicked,medicareReview_Details,benefitsSuspension,benefitsSuspension_Clicked,benefitsSuspension_Details,ExistInMongo_Test,MongoTest_Complete,StartDate_p3,EndDate_p3,Status_p3,Progress_p3,duration_p3,Finished_p3,RecordedDate_p3,ResponseId_p3,RecipientLastName_p3,RecipientFirstName_p3,RecipientEmail_p3,ExternalReference_p3,DistributionChannel_p3,UserLanguage_p3,previousFraud,lose_money,amount_lost,report_loss,CyberTraining,Lonely1,Lonely2,Lonely3,KeepResponse,ExistInPart3,Wave,IsPrimaryWave,duration_p1_Quantile,duration_p2_Quantile,duration_p3_Quantile,daysFromTrainingToTest,cleanStatus,DuplicatedPID,DuplicatedCleanPID,PID_Length,IsBBB,incomeAmount,race5,employment3,educYears,ageYears,genderI,ageYearsSq,lIncomeAmount,fraudExperience_SSA,fraudExperience_Govt,fraudExperience_Biz,fraudExperience_YN,fraudLoss_YN,fraudLoss_Amount,GovtConfScore,TrustInSSAScore,TrustInInternetScore,OnlineShoppingScore,LonelyScore,numCorrect,numFakeLabeledReal,numRealLabeledFake,numRealLabeledReal,numFakeLabeledFake,numEmailsCorrect,numWebsitesCorrect,numLettersCorrect,numSMSesCorrect,numCorrect_Govt,numCorrect_Biz,numEmailsCorrect_Govt,numEmailsCorrect_Biz,numWebsitesCorrect_Govt,numWebsitesCorrect_Biz,numLabeledReal,numLabeledFake,numNoAnswer,Correct_WalmartProduct,Correct_RedCross,Correct_SSA_HP,Correct_mySSA,Correct_AmazonDeliveryDelay,Correct_FB_SSA,Correct_ssa_optout,Correct_replacementCard,Correct_medicareReview,Correct_benefitsSuspension,droppedFinalQuestion,percentCorrect,percentCorrect_Email,percentCorrect_Web,percentCorrect_Letter,percentCorrect_Govt,percentCorrect_Biz,percentCorrect_Scam,percentCorrect_Real
0,2022-08-10 19:23:00,8/10/2022 19:25,IP Address,100,154,True,8/10/2022 19:25,R_2t3RfmzUvGxivmW,,,,,anonymous,EN,,Yes,,Safari iPhone,15.6,iPhone,414x896,Some,Basically content,Most of the time,Government should do more to solve problems.,Agree,Slightly Agree,Neither Agree nor Disagree,Agree,Slightly Agree,Slightly Agree,Strongly Agree,Slightly Agree,Agree,Slightly Agree,Agree,Agree,Agree,Agree,Agree,Agree,Agree,Slightly Agree,Once a month,,arm1_control,5ff4bac1d92c4a412a2c19a2,5ff4bac1d92c4a412a2c19a2,0,0,,,,,,,,,,,,,,,,,,,,,,,,,False,False,8/10/2022 19:25,8/10/2022 19:26,IP Address,100,48,True,8/10/2022 19:26,R_3n6oQX2BiHfwIZ4,,,,,anonymous,EN,"Employed, working 30 or more hours per week","$0 - $19,999",White or Caucasian (Non-Hispanic),"High school degree or equivalent (e.g., GED)",19.0,Female,True,Real,,,Real,,,Real,,,Scam,,,Real,,,Scam,,,Real,,,Real,,,Real,,,Real,,,True,True,8/10/2022 19:29,8/10/2022 19:30,IP Address,100,71,True,8/10/2022 19:30,R_C2m5KoebFaVFbY5,,,,,anonymous,EN,Someone selling fraudulent goods or services,No,,Not Sure,No,Some of the time,Some of the time,Some of the time,"Yes, use the responses.",True,1,True,0,2,2,0,Keep,False,False,24,False,10,W,E,12,19.0,1,361.0,2.302585092994046,False,False,True,True,False,0.0,11,5.8,3.875,4,2.0,7,3,0,5,2,2,4,1,0,4,3,1,1,2,2,8,2,0,True,False,True,True,True,True,False,True,True,False,False,70.0,50.0,100.0,50.0,66.66666666666666,75.0,40.0,100.0
1,2022-08-10 19:28:00,8/10/2022 19:31,IP Address,100,176,True,8/10/2022 19:31,R_3Rz9tNODriDTmBR,,,,,anonymous,EN,,Yes,,Chrome iPhone,104.0.5112.71,iPhone,375x667,Some,Frustrated,Only some of the time,Government should do more to solve problems.,Slightly Agree,Neither Agree nor Disagree,Disagree,Slightly Agree,Agree,Neither Agree nor Disagree,Agree,Slightly Agree,Neither Agree nor Disagree,Neither Agree nor Disagree,Neither Agree nor Disagree,Neither Agree nor Disagree,Neither Agree nor Disagree,Neither Agree nor Disagree,Neither Agree nor Disagree,Slightly Agree,Neither Agree nor Disagree,Slightly Agree,Once a month,,arm4_interactive,5f49b686fc6fe952cf94d25d,5f49b686fc6fe952cf94d25d,3,0,Real,,Details,Real,,,Scam,,Details,Real,,,Real,,,Real,,,Real,,Details,Scam,,Details,True,True,8/10/2022 19:34,8/10/2022 19:35,IP Address,100,64,True,8/10/2022 19:35,R_6u6xm84Ugxq93SF,,,,,anonymous,EN,"Employed, working 1-29 hours per week","$40,000 - $59,999",White or Caucasian (Non-Hispanic),Graduate or professional degree,33.0,Female,True,Real,,,Scam,,Details,Real,,,Scam,,,Real,,Details,Scam,,,Scam,,Details,Real,,,Scam,,,Scam,,,True,True,8/10/2022 19:38,8/10/2022 19:39,IP Address,100,54,True,8/10/2022 19:39,R_248xpLiM6CPt2a1,,,,,anonymous,EN,"Someone otherwise claiming to be from an organization or group they weren't really from,Someone selling fraudulent goods or services,Other",No,,No,No,Some of the time,Some of the time,Some of the time,"Yes, use the responses.",True,1,True,1,3,1,0,Keep,False,False,24,False,60,W,U,18,33.0,1,1089.0,4.0943445622221,False,False,True,True,False,0.0,9,4.2,3.375,4,2.0,9,0,1,4,5,4,4,1,0,5,4,2,2,2,2,4,6,0,True,True,True,True,True,True,True,True,False,True,False,90.0,100.0,100.0,50.0,83.33333333333334,100.0,100.0,80.0
2,2022-08-10 19:29:00,8/10/2022 19:33,IP Address,100,229,True,8/10/2022 19:33,R_SPs7g10ZMx6QTHr,,,,,anonymous,EN,,Yes,,Firefox,64,Ubuntu,1366x768,None at all,Angry,Never,Government is doing too many things better left to businesses and individuals.,Neither Agree nor Disagree,Slightly Disagree,Slightly Disagree,Neither Agree nor Disagree,Neither Agree nor Disagree,Slightly Agree,Slightly Agree,,Strongly Disagree,Strongly Disagree,Strongly Disagree,Strongly Disagree,Strongly Disagree,Strongly Disagree,Strongly Disagree,Strongly Disagree,Strongly Disagree,Strongly Disagree,A few times a year,,arm1_control,5fba22a55e3daf97361fcd07,5fba22a55e3daf97361fcd07,3,0,,,,,,,,,,,,,,,,,,,,,,,,,False,False,8/10/2022 19:33,8/10/2022 19:34,IP Address,100,87,True,8/10/2022 19:34,R_2U3fhCPICJ4bP4z,,,,,anonymous,EN,"Employed, working 30 or more hours per week","$0 - $19,999",White or Caucasian (Non-Hispanic),Some college but no degree,25.0,Male,True,Real,,,Scam,,Details,Real,,,Scam,,,Real,,Details,Scam,,,Scam,,Details,Real,,,Scam,,,Scam,,,True,True,8/10/2022 19:38,8/10/2022 19:39,IP Address,100,88,True,8/10/2022 19:39,R_22REMhSGdjTecYf,,,,,anonymous,EN,"Someone claiming to be from another government agency (but wasn't),Someone otherwise claiming to be from an organization or group they weren't really from,Someone selling fraudulent goods or services",No,,No,No,Some of the time,Some of the time,Some of the time,"Yes, use the responses.",True,1,True,2,4,3,0,Keep,False,False,24,False,10,W,E,13,25.0,0,625.0,2.302585092994046,False,True,True,True,False,0.0,4,1.0,,3,2.0,9,0,1,4,5,4,4,1,0,5,4,2,2,2,2,4,6,0,True,True,True,True,True,True,True,True,False,True,False,90.0,100.0,100.0,50.0,83.33333333333334,100.0,100.0,80.0
3,2022-08-10 19:31:00,8/10/2022 19:37,IP Address,100,371,True,8/10/2022 19:37,R_s7GkBRzffv7umlP,,,,,anonymous,EN,,Yes,,Safari iPhone,15.6,iPhone,375x667,Some,Frustrated,Only some of the time,Government should do more to solve problems.,Agree,Slightly Agree,Slightly Agree,Slightly Agree,Slightly Agree,Agree,Strongly Agree,Strongly Agree,Neither Agree nor Disagree,Agree,Neither Agree nor Disagree,Slightly Disagree,Neither Agree nor Disagree,Slightly Agree,Neither Agree nor Disagree,Disagree,Neither Agree nor Disagree,Slightly Disagree,A few times a year,,arm4_interactive,5a864d7caa46dd00016bae76,5a864d7caa46dd00016bae76,3,0,Real,,,Real,,,Scam,,Details,Real,,,Real,,,Scam,Click,,Real,,Details,Scam,,Details,True,True,8/10/2022 19:46,8/10/2022 19:46,IP Address,100,37,True,8/10/2022 19:47,R_1PekNLLG2SeZeZq,,,,,anonymous,EN,"Employed, working 30 or more hours per week","$20,000 - $39,999",White or Caucasian (Non-Hispanic),Bachelor degree,27.0,Female,True,Real,,,Scam,,Details,Real,,,Scam,,,Real,,Details,Real,,,Scam,,Details,Real,,,Real,,,Scam,,,True,True,8/10/2022 19:54,8/10/2022 19:55,IP Address,100,69,True,8/10/2022 19:55,R_Dq4MKjxo2RfDtTz,,,,,anonymous,EN,"Someone claiming to be from the Social Security Administration (but wasn't),Someone claiming to be from the IRS (but wasn't),Someone claiming to be from another government agency (but wasn't),Someone otherwise claiming to be from an organization or group they weren't really from",No,,No,No,Some of the time,Some of the time,Often,"Yes, use the responses.",True,1,True,3,1,2,0,Keep,False,False,24,False,30,W,E,16,27.0,1,729.0,3.4011973816621555,True,True,True,True,False,0.0,9,3.9,3.5,3,2.3333333333333335,9,1,0,5,4,4,3,2,0,6,3,2,2,2,1,6,4,0,True,True,True,True,True,False,True,True,True,True,False,90.0,100.0,75.0,100.0,100.0,75.0,80.0,100.0
5,2022-08-10 19:38:00,8/10/2022 19:42,IP Address,100,220,True,8/10/2022 19:42,R_Rgj0KhPLjAAppRf,,,,,anonymous,EN,,Yes,,Safari iPhone,15.6,iPhone,375x812,Some,Frustrated,Only some of the time,Government is doing too many things better left to businesses and individuals.,Slightly Agree,Agree,Slightly Agree,Agree,Slightly Disagree,Slightly Disagree,Agree,Slightly Disagree,Slightly Agree,Agree,Slightly Agree,Agree,Neither Agree nor Disagree,Slightly Agree,Slightly Agree,Agree,Slightly Agree,Slightly Agree,Once a week,,arm4_interactive,623484788ce4384a8618ea4a,623484788ce4384a8618ea4a,3,0,Real,,Details,Real,,,Scam,,Details,Real,,,Real,,,Scam,,,Real,,Details,Scam,,Details,True,True,8/10/2022 19:45,8/10/2022 19:45,IP Address,100,49,True,8/10/2022 19:45,R_2rOTy4dNcHumW7M,,,,,anonymous,EN,"Employed, working 30 or more hours per week","$100,000 - $149,999",White or Caucasian (Non-Hispanic),Graduate or professional degree,54.0,Female,True,Real,,,Scam,,Details,Real,,,Scam,,,Real,,Details,Real,,,Real,,Details,Real,,,Real,,,Scam,,,True,True,8/10/2022 19:49,8/10/2022 19:50,IP Address,100,57,True,8/10/2022 19:50,R_3G8uEVbFmx0foFq,,,,,anonymous,EN,"Someone claiming to be from another government agency (but wasn't),Someone selling fraudulent goods or services",No,,No,Yes,Hardly ever,Hardly ever,Hardly ever,"Yes, use the responses.",True,1,True,2,2,1,0,Keep,False,False,24,False,125,W,E,18,54.0,1,2916.0,4.8283137373023015,False,True,True,True,False,0.0,8,5.2,4.875,5,1.0,8,2,0,5,3,3,3,2,0,5,3,1,2,2,1,7,3,0,True,True,True,True,True,False,False,True,True,True,False,80.0,75.0,75.0,100.0,83.33333333333334,75.0,60.0,100.0
4,2022-08-10 19:39:00,8/10/2022 19:41,IP Address,100,115,True,8/10/2022 19:41,R_eniQgjd5xnRZgNr,,,,,anonymous,EN,,Yes,,Opera,89.0.4447.64,Windows NT 10.0,2560x1440,Very little,Frustrated,Only some of the time,Government should do more to solve problems.,Slightly Disagree,Disagree,Slightly Disagree,Slightly Agree,Agree,Strongly Agree,Strongly Agree,Slightly Disagree,Disagree,Disagree,Disagree,Disagree,Disagree,Disagree,Disagree,Disagree,Disagree,Disagree,A few times a year,,arm1_control,615142d2000fda80675923df,615142d2000fda80675923df,0,1,,,,,,,,,,,,,,,,,,,,,,,,,False,False,8/10/2022 19:41,8/10/2022 19:41,IP Address,100,28,True,8/10/2022 19:41,R_2dEYOFEt70bNany,,,,,anonymous,EN,"Employed, working 30 or more hours per week","$20,000 - $39,999",White or Caucasian (Non-Hispanic),Some college but no degree,21.0,Female,True,Real,,,Real,,,Real,Click,,Scam,,,Real,,,Scam,,,Scam,,,Scam,,,Scam,,,Scam,,,True,True,8/10/2022 19:43,8/10/2022 19:44,IP Address,100,61,True,8/10/2022 19:44,R_xr0RsZVYRpZ8gvf,,,,,anonymous,EN,"Someone claiming to be from the Social Security Administration (but wasn't),Someone claiming to be from the IRS (but wasn't),Someone claiming to be from another government agency (but wasn't),Someone otherwise claiming to be from an organization or group they weren't really from,Someone selling fraudulent goods or services",Yes,1000.0,Yes,No,Some of the time,Some of the time,Some of the time,"Yes, use the responses.",True,1,True,0,0,1,0,Keep,False,False,24,False,30,W,E,13,21.0,1,441.0,3.4011973816621555,True,True,True,True,True,1000.0,8,2.0,2.75,3,2.0,7,1,2,3,4,2,4,1,0,4,3,1,1,2,2,4,6,0,True,False,True,True,True,True,True,False,False,True,False,70.0,50.0,100.0,50.0,66.66666666666666,75.0,80.0,60.0
6,2022-08-10 19:39:00,8/10/2022 19:42,IP Address,100,170,True,8/10/2022 19:42,R_bQ1kpN5GzajQxVv,,,,,anonymous,EN,,Yes,,Safari,15.3,Macintosh,1440x900,Some,Frustrated,Only some of the time,Government should do more to solve problems.,Slightly Disagree,Slightly Disagree,Slightly Disagree,Slightly Disagree,Slightly Agree,Slightly Agree,Slightly Agree,Slightly Agree,Neither Agree nor Disagree,Neither Agree nor Disagree,Slightly Agree,Neither Agree nor Disagree,Neither Agree nor Disagree,Neither Agree nor Disagree,Neither Agree nor Disagree,Neither Agree nor Disagree,Neither Agree nor Disagree,Neither Agree nor Disagree,A few times a year,,arm1_control,5e82d6d1f44676000a274347,5e82d6d1f44676000a274347,3,0,,,,,,,,,,,,,,,,,,,,,,,,,False,False,8/10/2022 19:42,8/10/2022 19:42,IP Address,100,35,True,8/10/2022 19:42,R_30r55eTTpGJYLeM,,,,,anonymous,EN,"Employed, working 30 or more hours per week","$20,000 - $39,999",Asian American or Asian,Bachelor degree,,Female,True,Real,,,Scam,,Details,Real,,,Scam,,,Real,,Details,Real,,,Scam,,Details,Real,,,Scam,,,Scam,,,True,True,8/10/2022 19:45,8/10/2022 19:46,IP Address,100,52,True,8/10/2022 19:46,R_3CbFRGvuTy0prCF,,,,,anonymous,EN,Someone otherwise claiming to be from an organization or group they weren't really from,No,,No,No,Often,Some of the time,Often,"Yes, use the responses.",True,1,True,1,1,0,0,Keep,False,False,24,False,30,A,E,16,,1,,3.4011973816621555,False,False,True,True,False,0.0,9,4.1,3.0,3,2.6666666666666665,8,1,1,4,4,4,3,1,0,5,3,2,2,2,1,5,5,0,True,True,True,True,True,False,True,True,False,True,False,80.0,100.0,75.0,50.0,83.33333333333334,75.0,80.0,80.0
7,2022-08-10 19:40:00,8/10/2022 19:44,IP Address,100,213,True,8/10/2022 19:44,R_33EiqxDe3poNain,,,,,anonymous,EN,,Yes,,Chrome,104.0.0.0,Android 12,360x800,Very little,Frustrated,Only some of the time,Government should do more to solve problems.,Slightly Agree,Slightly Disagree,Disagree,Slightly Agree,Slightly Disagree,Slightly Agree,Agree,Slightly Disagree,Slightly Agree,Slightly Agree,Slightly Agree,Neither Agree nor Disagree,Slightly Agree,Slightly Agree,Slightly Disagree,Slightly Disagree,Slightly Agree,Slightly Agree,Once a week,,arm4_interactive,60ffe5e2de461ed008e09d9e,60ffe5e2de461ed008e09d9e,4,0,Real,,Details,Real,,,Scam,Click,Details,Real,,,Real,,,Real,,,Real,,Details,Scam,,Details,True,True,8/10/2022 19:47,8/10/2022 19:48,IP Address,100,30,True,8/10/2022 19:48,R_rp5hXjQSMoGj2CZ,,,,,anonymous,EN,"Employed, working 30 or more hours per week","$40,000 - $59,999",White or Caucasian (Non-Hispanic),Bachelor degree,22.0,Female,True,Real,,,Real,,Details,Real,,,Real,,,Real,,Details,Real,,,Real,,Details,Real,,Details,Scam,,,Scam,,,True,True,8/10/2022 19:51,8/10/2022 19:52,IP Address,100,56,True,8/10/2022 19:52,R_24GYZPfpt5zVDF8,,,,,anonymous,EN,"Someone claiming to be from the IRS (but wasn't),Someone otherwise claiming to be from an organization or group they weren't really from,Someone selling fraudulent goods or services",No,,No,Yes,Hardly ever,Some of the time,Hardly ever,"Yes, use the responses.",True,1,True,2,0,1,0,Keep,False,False,24,False,60,W,E,16,22.0,1,484.0,4.0943445622221,False,True,True,True,False,0.0,8,4.5,3.75,5,1.3333333333333333,5,4,1,4,1,2,2,1,0,3,2,1,1,1,1,8,2,0,True,False,True,False,True,False,False,True,False,True,False,50.0,50.0,50.0,50.0,50.0,50.0,20.0,80.0
19,2022-08-10 19:46:00,8/10/2022 20:01,IP Address,100,864,True,8/10/2022 20:01,R_2TpCVSQvsbvCGrF,,,,,anonymous,EN,,Yes,,Chrome,99.0.4844.88,Android 12,385x854,Very little,Angry,Only some of the time,Government should do more to solve problems.,Agree,Neither Agree nor Disagree,Slightly Disagree,Slightly Agree,Slightly Agree,Slightly Agree,Slightly Agree,Slightly Disagree,Slightly Agree,Agree,Neither Agree nor Disagree,Agree,Agree,Agree,Neither Agree nor Disagree,Agree,Slightly Agree,Slightly Agree,A few times a year,,arm1_control,5e2e002111e6fc000bf563fc,5e2e002111e6fc000bf563fc,3,2,,,,,,,,,,,,,,,,,,,,,,,,,False,False,8/10/2022 20:01,8/10/2022 20:02,IP Address,100,51,True,8/10/2022 20:02,R_1qXujCp5CBKd41d,,,,,anonymous,EN,"Employed, working 30 or more hours per week","$20,000 - $39,999",White or Caucasian (Non-Hispanic),Some college but no degree,54.0,Female,True,Real,,,Real,Click,Details,Real,Click,,Real,,,Real,,Details,Scam,,,Real,,Details,Real,,,Real,,,Scam,,,True,True,8/10/2022 20:09,8/10/2022 20:11,IP Address,100,124,True,8/10/2022 20:11,R_OMRg1m2SlEOOvG9,,,,,anonymous,EN,"Someone claiming to be from the Social Security Administration (but wasn't),Someone claiming to be from the IRS (but wasn't)",No,,No,No,Some of the time,Hardly ever,Hardly ever,"Yes, use the responses.",True,1,True,4,2,4,0,Keep,False,False,24,False,30,W,E,13,54.0,1,2916.0,3.4011973816621555,True,True,False,True,False,0.0,7,5.3,4.0,3,1.3333333333333333,7,3,0,5,2,2,3,2,0,4,3,1,1,1,2,8,2,0,True,False,True,False,True,True,False,True,True,True,False,70.0,50.0,75.0,100.0,66.66666666666666,75.0,40.0,100.0
9,2022-08-10 19:47:00,8/10/2022 19:50,IP Address,100,176,True,8/10/2022 19:50,R_1JFQ4r1B51arAIn,,,,,anonymous,EN,,Yes,,Chrome,104.0.0.0,Windows NT 10.0,2560x1440,Some,Frustrated,Only some of the time,Government is doing too many things better left to businesses and individuals.,Agree,Agree,Agree,Agree,Disagree,Slightly Disagree,Slightly Agree,Strongly Disagree,Agree,Agree,Agree,Slightly Disagree,Agree,Neither Agree nor Disagree,Neither Agree nor Disagree,Slightly Agree,Slightly Agree,Slightly Agree,Once a month,,arm1_control,5d1595d71ae42000191bc23c,5d1595d71ae42000191bc23c,0,0,,,,,,,,,,,,,,,,,,,,,,,,,False,False,8/10/2022 19:50,8/10/2022 19:51,IP Address,100,56,True,8/10/2022 19:51,R_2y2vQxE5WAsRoeO,,,,,anonymous,EN,"Employed, working 30 or more hours per week","$60,000 - $79,999",White or Caucasian (Non-Hispanic),Bachelor degree,46.0,Female,True,Real,,,Real,,,Real,,,Scam,,,Real,,,Real,,,Real,,,Real,,,Real,,,Scam,,,True,True,8/10/2022 19:57,8/10/2022 19:58,IP Address,100,53,True,8/10/2022 19:58,R_2OOvJPOnB6C9Iqv,,,,,anonymous,EN,"Someone claiming to be from the company where you work (but wasn't),Someone selling fraudulent goods or services,Other",No,,Yes,No,Some of the time,Some of the time,Hardly ever,"Yes, use the responses.",True,1,True,1,3,0,0,Keep,False,False,24,False,70,W,E,16,46.0,1,2116.0,4.248495242049359,False,False,True,True,False,0.0,8,5.0,5.625,4,1.6666666666666667,7,3,0,5,2,2,3,2,0,5,2,1,1,2,1,8,2,0,True,False,True,True,True,False,False,True,True,True,False,70.0,50.0,75.0,100.0,83.33333333333334,50.0,40.0,100.0
10,2022-08-10 19:48:00,8/10/2022 19:52,IP Address,100,196,True,8/10/2022 19:52,R_3J7MlLdtnZzjbPz,,,,,anonymous,EN,,Yes,,Chrome,104.0.0.0,Windows NT 10.0,1739x979,None at all,Angry,Only some of the time,Government should do more to solve problems.,Slightly Agree,Slightly Disagree,Slightly Disagree,Slightly Agree,Agree,Agree,Agree,Agree,Slightly Disagree,Slightly Disagree,Slightly Disagree,Slightly Disagree,Slightly Agree,Slightly Disagree,Slightly Disagree,Slightly Agree,Neither Agree nor Disagree,Slightly Disagree,A few times a week / Daily,,arm1_control,5f338121e1ca2a19a97cd433,5f338121e1ca2a19a97cd433,3,1,,,,,,,,,,,,,,,,,,,,,,,,,False,False,8/10/2022 19:52,8/10/2022 19:52,IP Address,100,50,True,8/10/2022 19:52,R_3NOrhxlYjmAV2hO,,,,,anonymous,EN,"Not employed, NOT looking for work","$20,000 - $39,999",Asian American or Asian,Some college but no degree,20.0,Female,True,Real,,,Real,,Details,Real,Click,,Scam,,,Real,,Details,Scam,,,Real,,Details,Scam,,,Scam,,,Scam,,,True,True,8/10/2022 19:58,8/10/2022 20:00,IP Address,100,80,True,8/10/2022 20:00,R_1IKGIJ1qnPmuG7y,,,,,anonymous,EN,Someone selling fraudulent goods or services,Yes,3300.0,No,No,Hardly ever,Hardly ever,Hardly ever,"Yes, use the responses.",True,1,True,1,2,3,0,Keep,False,False,24,False,30,A,U,13,20.0,1,400.0,3.4011973816621555,False,False,True,True,True,3300.0,6,3.5,3.0,6,1.0,6,2,2,3,3,1,4,1,0,3,3,0,1,2,2,5,5,0,True,False,True,True,True,True,False,False,False,True,False,60.0,25.0,100.0,50.0,50.0,75.0,60.0,60.0
11,2022-08-10 19:48:00,8/10/2022 19:54,IP Address,100,345,True,8/10/2022 19:54,R_Rgdx4qI9RwhglEJ,,,,,anonymous,EN,,Yes,,Chrome,104.0.0.0,Android 12,385x854,Some,Angry,Most of the time,Government should do more to solve problems.,Slightly Agree,,Disagree,Slightly Agree,Slightly Agree,Slightly Disagree,Slightly Agree,Slightly Agree,Slightly Agree,Slightly Disagree,Slightly Agree,Agree,Slightly Agree,Slightly Disagree,Slightly Agree,Slightly Agree,Slightly Agree,Slightly Disagree,Once a month,,arm4_interactive,610789ba8948b4b6cdfd4907,610789ba8948b4b6cdfd4907,3,0,Real,,,Real,,,Scam,,,Real,,,Real,,,Real,,,Real,,Details,Real,,Details,True,True,8/10/2022 19:59,8/10/2022 20:00,IP Address,100,35,True,8/10/2022 20:00,R_POPngf4argcmWMF,,,,,anonymous,EN,"Employed, working 30 or more hours per week","$60,000 - $79,999",White or Caucasian (Non-Hispanic),Graduate or professional degree,32.0,Female,True,Real,,,Scam,,Details,Real,,,Scam,,,Real,,Details,Real,,,Real,,Details,Real,,,Real,,,Scam,,,True,True,8/10/2022 20:06,8/10/2022 20:07,IP Address,100,80,True,8/10/2022 20:07,R_1IyBpGm7ssorIBD,,,,,anonymous,EN,"Someone claiming to be from another government agency (but wasn't),Someone claiming to be from the company where you work (but wasn't),Someone otherwise claiming to be from an organization or group they weren't really from",No,,No,Yes,Some of the time,Some of the time,Some of the time,"Yes, use the responses.",True,1,True,3,1,3,0,Keep,False,False,24,False,70,W,E,18,32.0,1,1024.0,4.248495242049359,False,True,True,True,False,0.0,9,4.5,,4,2.0,8,2,0,5,3,3,3,2,0,5,3,1,2,2,1,7,3,0,True,True,True,True,True,False,False,True,True,True,False,80.0,75.0,75.0,100.0,83.33333333333334,75.0,60.0,100.0
16,2022-08-10 19:48:00,8/10/2022 19:59,IP Address,100,623,True,8/10/2022 19:59,R_1IsWZAURKW2J9lm,,,,,anonymous,EN,,Yes,,Chrome,103.0.5060.134,Windows NT 10.0,1280x720,Very little,Basically content,Only some of the time,Government is doing too many things better left to businesses and individuals.,Neither Agree nor Disagree,Neither Agree nor Disagree,Slightly Disagree,Neither Agree nor Disagree,Slightly Agree,Slightly Agree,Agree,Slightly Disagree,Slightly Agree,Neither Agree nor Disagree,Slightly Agree,Slightly Agree,Slightly Agree,Agree,Slightly Agree,Agree,Slightly Agree,Neither Agree nor Disagree,Once a month,,arm1_control,5f5e6cd10dad3d0e268e569f,5f5e6cd10dad3d0e268e569f,1,0,,,,,,,,,,,,,,,,,,,,,,,,,False,False,8/10/2022 19:59,8/10/2022 20:01,IP Address,100,139,True,8/10/2022 20:01,R_syU2S3aElXPeLFT,,,,,anonymous,EN,"Employed, working 30 or more hours per week","$0 - $19,999",African American or African (Non-Hispanic),"High school degree or equivalent (e.g., GED)",42.0,Female,True,Real,,,Real,,Details,Real,,,Scam,,,Real,,,Real,,,Scam,,,Scam,,,Scam,,,Scam,,,True,True,8/10/2022 20:08,8/10/2022 20:10,IP Address,100,132,True,8/10/2022 20:10,R_yJdj1eS70kTKRb3,,,,,anonymous,EN,Someone selling fraudulent goods or services,No,,No,No,Hardly ever,Some of the time,Some of the time,"Yes, use the responses.",True,1,True,4,4,4,0,Keep,False,False,24,False,10,B,E,12,42.0,1,1764.0,2.302585092994046,False,False,True,True,False,0.0,8,5.0,3.5,4,1.6666666666666667,6,2,2,3,3,2,3,1,0,4,2,1,1,2,1,5,5,0,True,False,True,True,True,False,True,False,False,True,False,60.0,50.0,75.0,50.0,66.66666666666666,50.0,60.0,60.0
22,2022-08-10 19:48:00,8/10/2022 20:02,IP Address,100,828,True,8/10/2022 20:02,R_2zGs0RBTuyR25m5,,,,,anonymous,EN,,Yes,,Chrome,103.0.0.0,Macintosh,1440x900,Very little,Angry,Never,Government should do more to solve problems.,Slightly Agree,Neither Agree nor Disagree,Strongly Disagree,Slightly Agree,Agree,Strongly Agree,Strongly Agree,Disagree,Slightly Disagree,Slightly Disagree,Neither Agree nor Disagree,Slightly Disagree,Neither Agree nor Disagree,Neither Agree nor Disagree,Slightly Disagree,Neither Agree nor Disagree,Neither Agree nor Disagree,Slightly Disagree,Once a week,,arm4_interactive,60c12c0450fc37e8e2fd0e99,60c12c0450fc37e8e2fd0e99,2,1,Real,,,Real,,,Scam,,,Real,,,Real,,,Real,,,Real,,Details,Scam,,Details,True,True,8/10/2022 20:07,8/10/2022 20:08,IP Address,100,86,True,8/10/2022 20:08,R_ZfzkdVa9o30aXnP,,,,,anonymous,EN,"Employed, working 1-29 hours per week","$0 - $19,999","White or Caucasian (Non-Hispanic),Hispanic",Bachelor degree,25.0,Female,True,Real,,,Scam,,,Real,,,Scam,Click,,Real,,Details,Scam,,,Real,,Details,Real,,,Real,,,Scam,,,True,True,8/10/2022 20:16,8/10/2022 20:17,IP Address,100,67,True,8/10/2022 20:17,R_2OIvWksbadKLKWi,,,,,anonymous,EN,"Someone claiming to be from the IRS (but wasn't),Someone claiming to be from another government agency (but wasn't),Someone otherwise claiming to be from an organization or group they weren't really from,Someone selling fraudulent goods or services",Not Sure,,No,Yes,Hardly ever,Some of the time,Some of the time,"Yes, use the responses.",True,1,True,4,4,2,0,Keep,False,False,24,False,10,H,U,16,25.0,1,625.0,2.302585092994046,False,True,True,True,False,0.0,6,3.5,3.125,5,1.6666666666666667,9,1,0,5,4,3,4,2,0,5,4,1,2,2,2,6,4,0,True,True,True,True,True,True,False,True,True,True,False,90.0,75.0,100.0,100.0,83.33333333333334,100.0,80.0,100.0
8,2022-08-10 19:48:00,8/10/2022 19:50,IP Address,100,122,True,8/10/2022 19:50,R_1PTNgDyaDsPxqfZ,,,,,anonymous,EN,,Yes,,Safari iPhone,15.5,iPhone,414x896,Very little,Frustrated,Only some of the time,Government is doing too many things better left to businesses and individuals.,Agree,Slightly Agree,Neither Agree nor Disagree,Agree,Disagree,Slightly Disagree,Neither Agree nor Disagree,Slightly Disagree,Slightly Agree,Slightly Agree,Slightly Disagree,Neither Agree nor Disagree,Neither Agree nor Disagree,Neither Agree nor Disagree,Slightly Disagree,Neither Agree nor Disagree,Neither Agree nor Disagree,Neither Agree nor Disagree,Once a week,,arm1_control,61098fe06c36048d19f69629,61098fe06c36048d19f69629,0,0,,,,,,,,,,,,,,,,,,,,,,,,,False,False,8/10/2022 19:50,8/10/2022 19:51,IP Address,100,31,True,8/10/2022 19:51,R_2z6kwkKJaMQ9dbQ,,,,,anonymous,EN,"Employed, working 30 or more hours per week","$20,000 - $39,999",White or Caucasian (Non-Hispanic),Some college but no degree,23.0,Female,True,Real,,,Real,,,Real,,,Real,,,Real,,,Scam,,,Scam,,,Scam,,,Scam,,,Scam,,,True,True,8/10/2022 19:53,8/10/2022 19:54,IP Address,100,53,True,8/10/2022 19:54,R_27xPURlR4zqGT6x,,,,,anonymous,EN,"Someone claiming to be from another government agency (but wasn't),Someone otherwise claiming to be from an organization or group they weren't really from,Someone selling fraudulent goods or services",Yes,1200.0,Yes,No,Hardly ever,Some of the time,Often,"Yes, use the responses.",True,1,True,0,0,0,0,Keep,False,False,24,False,30,W,E,13,23.0,1,529.0,3.4011973816621555,False,True,True,True,True,1200.0,7,4.0,5.125,5,2.0,6,2,2,3,3,2,3,1,0,3,3,1,1,1,2,5,5,0,True,False,True,False,True,True,True,False,False,True,False,60.0,50.0,75.0,50.0,50.0,75.0,60.0,60.0
13,2022-08-10 19:51:00,8/10/2022 19:55,IP Address,100,277,True,8/10/2022 19:55,R_2wmXyrPuCGLZ7mo,,,,,anonymous,EN,,Yes,,Chrome,104.0.0.0,Macintosh,1440x900,Some,Frustrated,Only some of the time,Government should do more to solve problems.,Strongly Disagree,Strongly Disagree,Strongly Disagree,Strongly Disagree,Strongly Agree,Strongly Agree,Strongly Agree,Strongly Agree,Neither Agree nor Disagree,Neither Agree nor Disagree,Neither Agree nor Disagree,Neither Agree nor Disagree,Neither Agree nor Disagree,Neither Agree nor Disagree,Neither Agree nor Disagree,Neither Agree nor Disagree,Neither Agree nor Disagree,Neither Agree nor Disagree,Once a week,,arm4_interactive,5e71538a5a6f13000be49db8,5e71538a5a6f13000be49db8,0,0,Real,,,Real,,,Scam,,,Real,,,Scam,,,Real,,,Scam,,,Real,,,True,True,8/10/2022 19:57,8/10/2022 19:59,IP Address,100,71,True,8/10/2022 19:59,R_3RmUgR1JVjocrUi,,,,,anonymous,EN,"Employed, working 30 or more hours per week","$100,000 - $149,999",Asian American or Asian,Graduate or professional degree,33.0,Male,True,Scam,,,Real,,,Real,,,Scam,,,Real,,,Real,,,Real,,,Scam,,,Scam,,,Scam,,,True,True,8/10/2022 20:03,8/10/2022 20:03,IP Address,100,35,True,8/10/2022 20:03,R_11jAUMIaU8ejsX8,,,,,anonymous,EN,"Someone otherwise claiming to be from an organization or group they weren't really from,Someone selling fraudulent goods or services",No,,No,Yes,Hardly ever,Hardly ever,Hardly ever,"Yes, use the responses.",True,1,True,3,4,0,0,Keep,False,False,24,False,125,A,E,18,33.0,0,1089.0,4.8283137373023015,False,False,True,True,False,0.0,9,4.0,1.0,5,1.0,4,3,3,2,2,1,2,1,0,3,1,0,1,2,0,5,5,0,False,False,True,True,True,False,False,False,False,True,False,40.0,25.0,50.0,50.0,50.0,25.0,40.0,40.0
14,2022-08-10 19:51:00,8/10/2022 19:56,IP Address,100,298,True,8/10/2022 19:56,R_3CHntSQRmceXIab,,,,,anonymous,EN,,Yes,,Chrome,104.0.0.0,Windows NT 10.0,2560x1080,Some,Frustrated,Only some of the time,Government should do more to solve problems.,Disagree,Disagree,Disagree,Slightly Disagree,Slightly Agree,Slightly Agree,Strongly Agree,Slightly Disagree,Slightly Agree,Slightly Agree,Slightly Agree,Slightly Agree,Neither Agree nor Disagree,Neither Agree nor Disagree,Neither Agree nor Disagree,Slightly Disagree,Neither Agree nor Disagree,Slightly Disagree,Once a week,,arm4_interactive,5f79809ea692be01b666c74a,5f79809ea692be01b666c74a,3,0,Real,,Details,Real,,,Scam,,Details,Real,,,Real,,,Real,,,Real,,Details,Scam,,Details,True,True,8/10/2022 20:02,8/10/2022 20:03,IP Address,100,69,True,8/10/2022 20:03,R_3plRINdM91e6Voi,,,,,anonymous,EN,"Employed, working 1-29 hours per week","$0 - $19,999","White or Caucasian (Non-Hispanic),African American or African (Non-Hispanic)",Bachelor degree,34.0,Female,True,Real,,,Scam,,Details,Real,,,Scam,,,Real,,Details,Scam,,,Scam,,Details,Real,,,Scam,,,Scam,,,True,True,8/10/2022 20:10,8/10/2022 20:12,IP Address,100,114,True,8/10/2022 20:12,R_2q4SmcsJ7HLQCof,,,,,anonymous,EN,"Someone claiming to be from the IRS (but wasn't),Someone claiming to be from another government agency (but wasn't),Someone otherwise claiming to be from an organization or group they weren't really from,Someone selling fraudulent goods or services,Other",No,,Yes,No,Hardly ever,Hardly ever,Some of the time,"Yes, use the responses.",True,1,True,3,3,4,0,Keep,False,False,24,False,10,B,U,16,34.0,1,1156.0,2.302585092994046,False,True,True,True,False,0.0,9,4.2,2.625,5,1.3333333333333333,9,0,1,4,5,4,4,1,0,5,4,2,2,2,2,4,6,0,True,True,True,True,True,True,True,True,False,True,False,90.0,100.0,100.0,50.0,83.33333333333334,100.0,100.0,80.0
12,2022-08-10 19:52:00,8/10/2022 19:54,IP Address,100,134,True,8/10/2022 19:54,R_3NUHfv3h2BQKsvG,,,,,anonymous,EN,,Yes,,Firefox,103,Windows NT 10.0,1920x1080,Very little,Frustrated,Only some of the time,Government should do more to solve problems.,Slightly Agree,Disagree,Slightly Agree,Strongly Disagree,Agree,Slightly Agree,Strongly Agree,Slightly Agree,Slightly Agree,Slightly Agree,Slightly Agree,Agree,Agree,Slightly Disagree,Agree,Neither Agree nor Disagree,Agree,Agree,Once a month,,arm1_control,5dd731f816d10c6dc5f812b6,5dd731f816d10c6dc5f812b6,0,0,,,,,,,,,,,,,,,,,,,,,,,,,False,False,8/10/2022 19:54,8/10/2022 19:55,IP Address,100,38,True,8/10/2022 19:55,R_UosFLcLaOGaJr6F,,,,,anonymous,EN,"Employed, working 30 or more hours per week","$100,000 - $149,999","White or Caucasian (Non-Hispanic),Asian American or Asian",Bachelor degree,34.0,Female,True,Scam,,,Real,,,Real,,,Scam,,,Real,,,Scam,,,Real,,,Scam,,,Scam,,,Real,,,True,True,8/10/2022 19:58,8/10/2022 19:59,IP Address,100,52,True,8/10/2022 19:59,R_3dXkTyTCFKLCt6I,,,,,anonymous,EN,"Someone claiming to be from the IRS (but wasn't),Someone claiming to be from another government agency (but wasn't),Someone selling fraudulent goods or services",No,,No,Yes,Some of the time,Some of the time,Some of the time,"Yes, use the responses.",True,1,True,0,1,0,0,Keep,False,False,24,False,125,A,E,16,34.0,1,1156.0,4.8283137373023015,False,True,True,True,False,0.0,8,5.2,2.75,4,2.0,4,3,3,2,2,1,3,0,0,2,2,0,1,2,1,5,5,0,False,False,True,True,True,True,False,False,False,False,False,40.0,25.0,75.0,0.0,33.33333333333333,50.0,40.0,40.0
17,2022-08-10 19:53:00,8/10/2022 20:00,IP Address,100,394,True,8/10/2022 20:00,R_3DcK8xbmkvP6MIv,,,,,anonymous,EN,,Yes,,Safari iPhone,15.6,iPhone,375x812,Some,Angry,Only some of the time,Government should do more to solve problems.,Slightly Agree,Slightly Disagree,Slightly Disagree,Slightly Agree,Neither Agree nor Disagree,Neither Agree nor Disagree,Strongly Agree,Slightly Agree,Slightly Agree,Neither Agree nor Disagree,Neither Agree nor Disagree,Slightly Disagree,Neither Agree nor Disagree,Slightly Disagree,Neither Agree nor Disagree,Slightly Disagree,Neither Agree nor Disagree,Slightly Disagree,Once a week,,arm4_interactive,614f3724aa07723253829250,614f3724aa07723253829250,3,0,Real,Click,Details,Real,,,Scam,,Details,Real,,,Real,,,Real,,,Real,,Details,Scam,,Details,True,True,8/10/2022 20:06,8/10/2022 20:07,IP Address,100,52,True,8/10/2022 20:07,R_3HLgiFDBiv9cKLI,,,,,anonymous,EN,"Employed, working 30 or more hours per week","$80,000 - $99,999",White or Caucasian (Non-Hispanic),Bachelor degree,37.0,Female,True,Real,,,Scam,,Details,Real,,,Scam,,,Real,,Details,Scam,,,Scam,,Details,Real,,,Scam,,,Scam,,,True,True,8/10/2022 20:11,8/10/2022 20:13,IP Address,100,93,True,8/10/2022 20:13,R_8itLy0iUaOCVUfD,,,,,anonymous,EN,"Someone claiming to be from another government agency (but wasn't),Someone otherwise claiming to be from an organization or group they weren't really from,Someone selling fraudulent goods or services",No,,No,Yes,Hardly ever,Some of the time,Some of the time,"Yes, use the responses.",True,1,True,4,2,3,0,Keep,False,False,24,False,90,W,E,16,37.0,1,1369.0,4.499809670330265,False,True,True,True,False,0.0,8,3.7,3.5,5,1.6666666666666667,9,0,1,4,5,4,4,1,0,5,4,2,2,2,2,4,6,0,True,True,True,True,True,True,True,True,False,True,False,90.0,100.0,100.0,50.0,83.33333333333334,100.0,100.0,80.0
20,2022-08-10 19:53:00,8/10/2022 20:01,IP Address,100,499,True,8/10/2022 20:01,R_2U9ksfwl3H1MGZ3,,,,,anonymous,EN,,Yes,,Edge,103.0.1264.49,Windows NT 10.0,1366x768,Very little,Frustrated,Never,Government should do more to solve problems.,Slightly Disagree,Slightly Disagree,Slightly Disagree,Slightly Disagree,Agree,Slightly Agree,Agree,Slightly Agree,Neither Agree nor Disagree,Slightly Agree,Neither Agree nor Disagree,Slightly Disagree,Slightly Agree,Slightly Disagree,Slightly Disagree,Slightly Disagree,Neither Agree nor Disagree,Disagree,Once a week,,arm4_interactive,60ff2fba1d8a372fa630afa3,60ff2fba1d8a372fa630afa3,4,0,Real,,Details,Real,,,Scam,,Details,Real,,,Real,,,Real,,,Real,Click,Details,Scam,,Details,True,True,8/10/2022 20:04,8/10/2022 20:04,IP Address,100,33,True,8/10/2022 20:04,R_3L0DfzWL1rAaon2,,,,,anonymous,EN,"Not employed, NOT looking for work","$0 - $19,999","White or Caucasian (Non-Hispanic),African American or African (Non-Hispanic)",Bachelor degree,28.0,Female,True,Real,,,Scam,,Details,Real,,,Scam,,,Real,,Details,Scam,,,Scam,,Details,Real,,Details,Real,,,Scam,,,True,True,8/10/2022 20:06,8/10/2022 20:07,IP Address,100,60,True,8/10/2022 20:07,R_32KrFoUN0S8Tqe8,,,,,anonymous,EN,"Someone claiming to be from the IRS (but wasn't),Someone otherwise claiming to be from an organization or group they weren't really from,Someone selling fraudulent goods or services",No,,No,No,Some of the time,Some of the time,Often,"Yes, use the responses.",True,1,True,4,0,1,0,Keep,False,False,24,False,10,B,U,16,28.0,1,784.0,2.302585092994046,False,True,True,True,False,0.0,7,3.6,2.75,5,2.3333333333333335,10,0,0,5,5,4,4,2,0,6,4,2,2,2,2,5,5,0,True,True,True,True,True,True,True,True,True,True,False,100.0,100.0,100.0,100.0,100.0,100.0,100.0,100.0
15,2022-08-10 19:54:00,8/10/2022 19:56,IP Address,100,99,True,8/10/2022 19:56,R_cImyAlmpvbQcOJj,,,,,anonymous,EN,,Yes,,Chrome,104.0.0.0,Windows NT 10.0,1366x768,Very little,Angry,Only some of the time,Government should do more to solve problems.,Slightly Agree,Slightly Disagree,Disagree,Slightly Agree,Neither Agree nor Disagree,Neither Agree nor Disagree,Slightly Agree,Slightly Disagree,Strongly Disagree,Slightly Disagree,Slightly Disagree,Strongly Disagree,Strongly Disagree,Strongly Disagree,Strongly Disagree,Strongly Disagree,Strongly Disagree,Disagree,A few times a year,,arm1_control,6291395df95f13a81f5ea2dd,6291395df95f13a81f5ea2dd,0,0,,,,,,,,,,,,,,,,,,,,,,,,,False,False,8/10/2022 19:56,8/10/2022 19:56,IP Address,100,20,True,8/10/2022 19:56,R_1pEcR3qYHJf0ZcT,,,,,anonymous,EN,"Employed, working 30 or more hours per week","$20,000 - $39,999",White or Caucasian (Non-Hispanic),"High school degree or equivalent (e.g., GED)",28.0,Male,True,Real,,,Real,,,Real,,,Real,,,Real,,,Real,,,Real,,,Real,,,Real,,,Scam,,,True,True,8/10/2022 19:59,8/10/2022 20:00,IP Address,100,41,True,8/10/2022 20:00,R_3p06Xe2pIOl2ynt,,,,,anonymous,EN,"Someone claiming to be from the IRS (but wasn't),Someone otherwise claiming to be from an organization or group they weren't really from,Someone selling fraudulent goods or services",No,,No,No,Some of the time,Some of the time,Often,"Yes, use the responses.",True,1,True,0,0,0,0,Keep,False,False,24,False,30,W,E,12,28.0,0,784.0,3.4011973816621555,False,True,True,True,False,0.0,7,1.5,3.875,3,2.3333333333333335,6,4,0,5,1,2,2,2,0,4,2,1,1,1,1,9,1,0,True,False,True,False,True,False,False,True,True,True,False,60.0,50.0,50.0,100.0,66.66666666666666,50.0,20.0,100.0
28,2022-08-10 19:56:00,8/10/2022 20:06,IP Address,100,569,True,8/10/2022 20:06,R_3kL1QVVxRWJ9kNC,,,,,anonymous,EN,,Yes,,Edge,104.0.1293.47,Windows NT 10.0,1600x900,Some,Frustrated,Most of the time,Government should do more to solve problems.,Agree,Slightly Agree,Neither Agree nor Disagree,Agree,Agree,Slightly Agree,Agree,Slightly Disagree,Neither Agree nor Disagree,Slightly Agree,Neither Agree nor Disagree,Slightly Disagree,Slightly Agree,Neither Agree nor Disagree,Neither Agree nor Disagree,Neither Agree nor Disagree,Neither Agree nor Disagree,Slightly Disagree,Once a week,,arm4_interactive,62d458437af301fdbda37ebf,62d458437af301fdbda37ebf,3,0,Real,,Details,Real,,,Scam,,Details,Real,,,Real,,,Real,,,Real,,Details,Scam,,Details,True,True,8/10/2022 20:11,8/10/2022 20:12,IP Address,100,62,True,8/10/2022 20:12,R_D81cEtVguMD1k1b,,,,,anonymous,EN,"Employed, working 30 or more hours per week","$40,000 - $59,999",White or Caucasian (Non-Hispanic),"High school degree or equivalent (e.g., GED)",50.0,Female,True,Real,,,Scam,,Details,Real,,,Scam,,,Real,,Details,Real,,,Real,,Details,Real,,,Scam,,,Scam,,,True,True,8/10/2022 20:21,8/10/2022 20:24,IP Address,100,147,True,8/10/2022 20:24,R_211lRkjrOQjzElL,,,,,anonymous,EN,"Someone claiming to be from the IRS (but wasn't),Someone selling fraudulent goods or services",No,,No,Yes,Hardly ever,Some of the time,Hardly ever,"Yes, use the responses.",True,1,True,4,3,4,0,Keep,False,False,24,False,60,W,E,12,50.0,1,2500.0,4.0943445622221,False,True,True,True,False,0.0,10,4.0,4.125,5,1.3333333333333333,7,2,1,4,3,3,3,1,0,4,3,1,2,2,1,6,4,0,True,True,True,True,True,False,False,True,False,True,False,70.0,75.0,75.0,50.0,66.66666666666666,75.0,60.0,80.0
21,2022-08-10 19:56:00,8/10/2022 20:01,IP Address,100,286,True,8/10/2022 20:01,R_125zwxTFrTgBCsn,,,,,anonymous,EN,,Yes,,Chrome,103.0.0.0,Macintosh,1366x768,Very little,Frustrated,Only some of the time,Government should do more to solve problems.,Agree,Slightly Agree,Slightly Agree,Slightly Agree,Neither Agree nor Disagree,Slightly Agree,Neither Agree nor Disagree,Neither Agree nor Disagree,Agree,Agree,Agree,Agree,Agree,Agree,Agree,Agree,Agree,Agree,Once a month,,arm4_interactive,6108e0f394ea82edc8b1884a,6108e0f394ea82edc8b1884a,0,0,Real,,,Real,,,Scam,,,Real,,,Real,,,Real,,,Scam,,,Scam,,,True,True,8/10/2022 20:05,8/10/2022 20:07,IP Address,100,95,True,8/10/2022 20:07,R_ONiMAbItjxOc6mR,,,,,anonymous,EN,"Employed, working 30 or more hours per week","$60,000 - $79,999",White or Caucasian (Non-Hispanic),"High school degree or equivalent (e.g., GED)",24.0,Female,True,Real,,,Real,,,Real,,,Real,,,Real,,,Scam,,,Scam,,,Scam,,,Real,,,Scam,,,True,True,8/10/2022 20:10,8/10/2022 20:13,IP Address,100,157,True,8/10/2022 20:13,R_2pQRpRyzv53STNf,,,,,anonymous,EN,Someone claiming to be from the IRS (but wasn't),No,,No,No,Hardly ever,Hardly ever,Hardly ever,"Yes, use the responses.",True,1,True,3,4,4,0,Keep,False,False,24,False,70,W,E,12,24.0,1,576.0,4.248495242049359,False,True,False,True,False,0.0,8,6.0,4.5,4,1.0,7,2,1,4,3,2,3,2,0,4,3,1,1,1,2,6,4,0,True,False,True,False,True,True,True,False,True,True,False,70.0,50.0,75.0,100.0,66.66666666666666,75.0,60.0,80.0
18,2022-08-10 19:58:00,8/10/2022 20:01,IP Address,100,164,True,8/10/2022 20:01,R_1DZjSGQv7lc4fq0,,,,,anonymous,EN,,Yes,,Chrome,104.0.0.0,Android 10,424x848,Very little,Frustrated,Only some of the time,Government should do more to solve problems.,Neither Agree nor Disagree,Agree,Slightly Disagree,Agree,Neither Agree nor Disagree,Neither Agree nor Disagree,Slightly Disagree,Slightly Agree,Agree,Strongly Agree,Agree,Disagree,Strongly Agree,Disagree,Neither Agree nor Disagree,Strongly Disagree,Agree,Slightly Agree,A few times a year,,arm1_control,5ab0a8f9c4e8f200014b5d81,5ab0a8f9c4e8f200014b5d81,4,0,,,,,,,,,,,,,,,,,,,,,,,,,False,False,8/10/2022 20:01,8/10/2022 20:01,IP Address,100,36,True,8/10/2022 20:01,R_1LTLAq7hiEtv15W,,,,,anonymous,EN,"Disabled, not able to work","$0 - $19,999",White or Caucasian (Non-Hispanic),Some college but no degree,38.0,Male,True,Real,,,Scam,,Details,Real,,,Real,,,Real,,Details,Scam,,,Real,,Details,Real,,Details,Real,,,Scam,,,True,True,8/10/2022 20:03,8/10/2022 20:04,IP Address,100,60,True,8/10/2022 20:04,R_C7TWnJdk6Bd9sjf,,,,,anonymous,EN,Someone otherwise claiming to be from an organization or group they weren't really from,No,,No,Yes,Often,Some of the time,Often,"Yes, use the responses.",True,1,True,1,1,1,0,Keep,False,False,24,False,10,W,R,13,38.0,0,1444.0,2.302585092994046,False,False,True,True,False,0.0,8,4.6,4.375,3,2.6666666666666665,8,2,0,5,3,3,3,2,0,4,4,1,2,1,2,7,3,0,True,True,True,False,True,True,False,True,True,True,False,80.0,75.0,75.0,100.0,66.66666666666666,100.0,60.0,100.0
24,2022-08-10 19:59:00,8/10/2022 20:03,IP Address,100,224,True,8/10/2022 20:03,R_1P6r0R5cd9GLJUi,,,,,anonymous,EN,,Yes,,Chrome,104.0.0.0,Android 12,412x915,Very little,Angry,Only some of the time,Government should do more to solve problems.,Slightly Agree,Slightly Agree,Slightly Disagree,Slightly Agree,Slightly Disagree,Slightly Disagree,Slightly Agree,Slightly Agree,Slightly Disagree,Slightly Agree,Slightly Disagree,Disagree,Neither Agree nor Disagree,Disagree,Slightly Disagree,Neither Agree nor Disagree,Neither Agree nor Disagree,Disagree,Once a month,,arm4_interactive,62f18a81b0ea9de9d3afe89e,62f18a81b0ea9de9d3afe89e,3,0,Real,,,Real,,,Scam,,,Real,,,Real,Click,,Scam,,,Real,,Details,Scam,,Details,True,True,8/10/2022 20:07,8/10/2022 20:07,IP Address,100,30,True,8/10/2022 20:07,R_2D20GnoKBYg4BVx,,,,,anonymous,EN,"Employed, working 30 or more hours per week","$40,000 - $59,999",White or Caucasian (Non-Hispanic),Bachelor degree,27.0,Male,True,Real,,,Scam,,Details,Real,,,Scam,,,Real,,Details,Real,,,Scam,,Details,Real,,,Real,,,Scam,,,True,True,8/10/2022 20:12,8/10/2022 20:13,IP Address,100,70,True,8/10/2022 20:13,R_Ugejm7oVst1r9WV,,,,,anonymous,EN,"Someone claiming to be from the Social Security Administration (but wasn't),Someone claiming to be from the IRS (but wasn't),Someone claiming to be from another government agency (but wasn't),Someone otherwise claiming to be from an organization or group they weren't really from,Someone selling fraudulent goods or services",No,,No,Yes,Hardly ever,Some of the time,Some of the time,"Yes, use the responses.",True,1,True,2,0,2,0,Keep,False,False,24,False,60,W,E,16,27.0,0,729.0,4.0943445622221,True,True,True,True,False,0.0,7,3.2,4.25,4,1.6666666666666667,9,1,0,5,4,4,3,2,0,6,3,2,2,2,1,6,4,0,True,True,True,True,True,False,True,True,True,True,False,90.0,100.0,75.0,100.0,100.0,75.0,80.0,100.0
23,2022-08-10 20:00:00,8/10/2022 20:02,IP Address,100,155,True,8/10/2022 20:02,R_325dSlaRTH8DrPs,,,,,anonymous,EN,,Yes,,Edge,104.0.1293.47,Windows NT 10.0,1440x900,Some,Basically content,Most of the time,Government is doing too many things better left to businesses and individuals.,Slightly Agree,Slightly Agree,Neither Agree nor Disagree,Slightly Agree,Slightly Agree,Slightly Agree,Agree,Agree,Neither Agree nor Disagree,Slightly Agree,Slightly Agree,Slightly Agree,Slightly Agree,Neither Agree nor Disagree,Slightly Agree,Slightly Agree,Slightly Agree,Neither Agree nor Disagree,Once a week,,arm1_control,5e40c6d2aa21c630069197ea,5e40c6d2aa21c630069197ea,3,0,,,,,,,,,,,,,,,,,,,,,,,,,False,False,8/10/2022 20:02,8/10/2022 20:03,IP Address,100,37,True,8/10/2022 20:03,R_ZJ0U3Asz8deepUZ,,,,,anonymous,EN,Retired,"$40,000 - $59,999",White or Caucasian (Non-Hispanic),Some college but no degree,25.0,Male,True,Real,,,Scam,,Details,Real,,,Scam,,,Real,,Details,Scam,,,Real,,Details,Real,,,Scam,,,Scam,,,True,True,8/10/2022 20:05,8/10/2022 20:07,IP Address,100,90,True,8/10/2022 20:07,R_1g7tGWjV06fqHPQ,,,,,anonymous,EN,"Someone claiming to be from another government agency (but wasn't),Someone otherwise claiming to be from an organization or group they weren't really from,Someone selling fraudulent goods or services",No,,Yes,Yes,Hardly ever,Hardly ever,Hardly ever,"Yes, use the responses.",True,1,True,0,1,3,0,Keep,False,False,24,False,60,W,R,13,25.0,0,625.0,4.0943445622221,False,True,True,True,False,0.0,10,4.7,3.625,5,1.0,8,1,1,4,4,3,4,1,0,4,4,1,2,2,2,5,5,0,True,True,True,True,True,True,False,True,False,True,False,80.0,75.0,100.0,50.0,66.66666666666666,100.0,80.0,80.0
25,2022-08-10 20:01:00,8/10/2022 20:04,IP Address,100,167,True,8/10/2022 20:04,R_3kjQRuED8i7k3Y3,,,,,anonymous,EN,,Yes,,Safari,15.6,Macintosh,1512x982,Quite a lot,Frustrated,Most of the time,Government is doing too many things better left to businesses and individuals.,Agree,Slightly Disagree,Disagree,Agree,Agree,Agree,Strongly Agree,Slightly Disagree,Agree,Agree,Strongly Agree,Agree,Strongly Agree,Strongly Agree,Strongly Agree,Agree,Strongly Agree,Agree,A few times a week / Daily,,arm1_control,62db75296ae2aad4c57a9eb8,62db75296ae2aad4c57a9eb8,2,0,,,,,,,,,,,,,,,,,,,,,,,,,False,False,8/10/2022 20:04,8/10/2022 20:04,IP Address,100,39,True,8/10/2022 20:04,R_268se5Ic1wm4OyH,,,,,anonymous,EN,"Employed, working 30 or more hours per week","$100,000 - $149,999",White or Caucasian (Non-Hispanic),Bachelor degree,41.0,Male,True,Real,,,Scam,,,Real,,,Scam,,,Real,,,Scam,,,Scam,,Details,Real,,Details,Real,,,Scam,,,True,True,8/10/2022 20:12,8/10/2022 20:13,IP Address,100,60,True,8/10/2022 20:13,R_1Qo80ChoX6Q0gfp,,,,,anonymous,EN,"Someone claiming to be from the Social Security Administration (but wasn't),Someone claiming to be from the IRS (but wasn't),Someone otherwise claiming to be from an organization or group they weren't really from,Someone selling fraudulent goods or services",No,,Yes,Yes,Hardly ever,Hardly ever,Hardly ever,"Yes, use the responses.",True,1,True,1,1,1,0,Keep,False,False,24,False,125,W,E,16,41.0,0,1681.0,4.8283137373023015,True,True,True,True,False,0.0,10,6.5,3.375,6,1.0,10,0,0,5,5,4,4,2,0,6,4,2,2,2,2,5,5,0,True,True,True,True,True,True,True,True,True,True,False,100.0,100.0,100.0,100.0,100.0,100.0,100.0,100.0
26,2022-08-10 20:01:00,8/10/2022 20:04,IP Address,100,148,True,8/10/2022 20:04,R_WClhUDbd1OA3X3P,,,,,anonymous,EN,,Yes,,Chrome,101.0.4951.64,Macintosh,1440x900,Very little,Frustrated,Only some of the time,Government is doing too many things better left to businesses and individuals.,Slightly Agree,Neither Agree nor Disagree,Slightly Disagree,Slightly Agree,Slightly Agree,Slightly Agree,Strongly Agree,Slightly Agree,Disagree,Slightly Agree,Neither Agree nor Disagree,Slightly Agree,Neither Agree nor Disagree,Neither Agree nor Disagree,Neither Agree nor Disagree,Neither Agree nor Disagree,Neither Agree nor Disagree,Neither Agree nor Disagree,Once a month,,arm1_control,61116b456808a7f913285600,61116b456808a7f913285600,0,0,,,,,,,,,,,,,,,,,,,,,,,,,False,False,8/10/2022 20:04,8/10/2022 20:05,IP Address,100,42,True,8/10/2022 20:05,R_11XWR1oijyYINer,,,,,anonymous,EN,"Not employed, looking for work","$80,000 - $99,999",White or Caucasian (Non-Hispanic),Some college but no degree,21.0,Male,True,Real,,,Real,,,Real,,,Real,,,Real,,,Real,,,Real,,,Real,,,Real,,,Scam,,,True,True,8/10/2022 20:06,8/10/2022 20:08,IP Address,100,77,True,8/10/2022 20:08,R_2YQBaIAfNJHDfFe,,,,,anonymous,EN,"Someone claiming to be from the Social Security Administration (but wasn't),Someone claiming to be from the IRS (but wasn't),Someone claiming to be from another government agency (but wasn't),Someone otherwise claiming to be from an organization or group they weren't really from,Someone selling fraudulent goods or services",No,,No,No,Some of the time,Hardly ever,Hardly ever,"Yes, use the responses.",True,1,True,0,2,2,0,Keep,False,False,24,False,90,W,U,13,21.0,0,441.0,4.499809670330265,True,True,True,True,False,0.0,7,4.0,3.375,4,1.3333333333333333,6,4,0,5,1,2,2,2,0,4,2,1,1,1,1,9,1,0,True,False,True,False,True,False,False,True,True,True,False,60.0,50.0,50.0,100.0,66.66666666666666,50.0,20.0,100.0
27,2022-08-10 20:02:00,8/10/2022 20:04,IP Address,100,147,True,8/10/2022 20:04,R_2QYBfXFlyADfQOG,,,,,anonymous,EN,,Yes,,Chrome,104.0.0.0,Windows NT 10.0,1366x768,Some,Frustrated,Only some of the time,Government should do more to solve problems.,Slightly Agree,Slightly Agree,Slightly Agree,Slightly Agree,Slightly Agree,Slightly Agree,Strongly Agree,Slightly Disagree,Neither Agree nor Disagree,Neither Agree nor Disagree,Neither Agree nor Disagree,Neither Agree nor Disagree,Neither Agree nor Disagree,Neither Agree nor Disagree,Neither Agree nor Disagree,Neither Agree nor Disagree,Neither Agree nor Disagree,Neither Agree nor Disagree,Once a week,,arm4_interactive,5f6eab3fe024d03f963a0ae2,5f6eab3fe024d03f963a0ae2,0,0,Real,,,Real,,,Scam,,,Real,,,Scam,,,Real,,,Real,,,Real,,,True,True,8/10/2022 20:06,8/10/2022 20:07,IP Address,100,21,True,8/10/2022 20:07,R_2XcaNRjYpcofYcU,,,,,anonymous,EN,"Employed, working 30 or more hours per week","$150,000 or more",White or Caucasian (Non-Hispanic),Bachelor degree,45.0,Male,True,Real,,,Scam,,,Real,,,Scam,,,Real,,,Scam,,,Real,,,Real,,,Real,,,Scam,,,True,True,8/10/2022 20:09,8/10/2022 20:09,IP Address,100,34,True,8/10/2022 20:09,R_2Ea8qFA5RUmqzvU,,,,,anonymous,EN,Other,No,,No,Yes,Hardly ever,Hardly ever,Hardly ever,"Yes, use the responses.",True,1,True,0,0,0,0,Keep,False,False,24,False,175,W,E,16,45.0,0,2025.0,5.1647859739235145,False,False,False,True,False,0.0,9,4.0,4.0,5,1.0,9,1,0,5,4,3,4,2,0,5,4,1,2,2,2,6,4,0,True,True,True,True,True,True,False,True,True,True,False,90.0,75.0,100.0,100.0,83.33333333333334,100.0,80.0,100.0
38,2022-08-10 20:02:00,8/10/2022 20:20,IP Address,100,1097,True,8/10/2022 20:20,R_2EHnvYG0m3BlSSk,,,,,anonymous,EN,,Yes,,Chrome,104.0.0.0,Android 12,412x915,Very little,Angry,Only some of the time,Government should do more to solve problems.,Slightly Disagree,,Slightly Disagree,Slightly Disagree,Agree,Agree,Strongly Agree,Slightly Agree,Strongly Disagree,Disagree,Disagree,Disagree,Disagree,Disagree,Disagree,Disagree,Disagree,Strongly Disagree,A few times a year,,arm4_interactive,5bf571f03508750001423e07,5bf571f03508750001423e07,3,0,Real,,,Real,,,Scam,,,Real,,,Scam,,,Real,,,Real,,,Real,,,True,True,8/10/2022 20:25,8/10/2022 20:25,IP Address,100,38,True,8/10/2022 20:25,R_qxQCacVQIAB8QWl,,,,,anonymous,EN,"Employed, working 30 or more hours per week","$20,000 - $39,999",Hispanic,Associate degree,24.0,Male,True,Scam,,,Real,,Details,Real,,,Scam,,,Real,,Details,Real,,,Real,,Details,Real,,,Scam,,,Scam,,,True,True,8/10/2022 20:27,8/10/2022 20:28,IP Address,100,80,True,8/10/2022 20:28,R_3FRjmFNJJOte6U6,,,,,anonymous,EN,Someone otherwise claiming to be from an organization or group they weren't really from,Not Sure,,No,No,Often,Often,Often,"Yes, use the responses.",True,1,True,4,1,3,0,Keep,False,False,24,False,30,H,E,14,24.0,0,576.0,3.4011973816621555,False,False,True,True,False,0.0,7,1.8,,3,3.0,5,3,2,3,2,2,2,1,0,4,1,1,1,2,0,6,4,0,False,False,True,True,True,False,False,True,False,True,False,50.0,50.0,50.0,50.0,66.66666666666666,25.0,40.0,60.0
30,2022-08-10 20:05:00,8/10/2022 20:09,IP Address,100,255,True,8/10/2022 20:09,R_23TY0HgpqKb28Iw,,,,,anonymous,EN,,Yes,,Chrome iPhone,104.0.5112.88,iPhone,428x926,Some,Frustrated,Only some of the time,Government should do more to solve problems.,Neither Agree nor Disagree,Neither Agree nor Disagree,Disagree,Disagree,Agree,Slightly Agree,Strongly Agree,Agree,Slightly Agree,Neither Agree nor Disagree,Neither Agree nor Disagree,Slightly Agree,Neither Agree nor Disagree,Neither Agree nor Disagree,Slightly Agree,Neither Agree nor Disagree,Neither Agree nor Disagree,Neither Agree nor Disagree,Once a week,,arm4_interactive,60b7d18beb67181cd97d7ac5,60b7d18beb67181cd97d7ac5,3,0,Real,,Details,Real,,,Scam,,Details,Real,,,Real,,,Scam,,,Real,,Details,Scam,,Details,True,True,8/10/2022 20:11,8/10/2022 20:12,IP Address,100,43,True,8/10/2022 20:12,R_5sFNiTGVupSi07v,,,,,anonymous,EN,"Employed, working 30 or more hours per week","$150,000 or more",White or Caucasian (Non-Hispanic),Bachelor degree,36.0,Male,True,Real,,,Scam,,Details,Real,,,Scam,,,Real,,Details,Real,,,Real,,Details,Real,,,Real,,,Scam,,,True,True,8/10/2022 20:14,8/10/2022 20:15,IP Address,100,71,True,8/10/2022 20:15,R_3lDLxOBxMfpQlhV,,,,,anonymous,EN,"Someone claiming to be from the Social Security Administration (but wasn't),Someone claiming to be from the IRS (but wasn't),Someone claiming to be from another government agency (but wasn't),Someone claiming to be from the company where you work (but wasn't),Someone selling fraudulent goods or services",No,,No,Yes,Often,Often,Often,"Yes, use the responses.",True,1,True,2,2,2,0,Keep,False,False,24,False,175,W,E,16,36.0,0,1296.0,5.1647859739235145,True,True,True,True,False,0.0,9,4.3,2.5,5,3.0,8,2,0,5,3,3,3,2,0,5,3,1,2,2,1,7,3,0,True,True,True,True,True,False,False,True,True,True,False,80.0,75.0,75.0,100.0,83.33333333333334,75.0,60.0,100.0
29,2022-08-10 20:06:00,8/10/2022 20:09,IP Address,100,172,True,8/10/2022 20:09,R_1f0EG9nTNktZt3D,,,,,anonymous,EN,,Yes,,Chrome iPhone,93.0.4577.78,iPhone,375x667,Some,Frustrated,Only some of the time,Government should do more to solve problems.,Neither Agree nor Disagree,Neither Agree nor Disagree,Disagree,Neither Agree nor Disagree,Slightly Agree,Slightly Agree,Agree,Neither Agree nor Disagree,Slightly Agree,Slightly Agree,Slightly Agree,Neither Agree nor Disagree,Agree,Slightly Agree,Neither Agree nor Disagree,Slightly Agree,Neither Agree nor Disagree,Neither Agree nor Disagree,A few times a year,,arm1_control,5e6a34ed08a6ec0a7f75df79,5e6a34ed08a6ec0a7f75df79,0,1,,,,,,,,,,,,,,,,,,,,,,,,,False,False,8/10/2022 20:09,8/10/2022 20:10,IP Address,100,58,True,8/10/2022 20:10,R_1hyS3L6FtyPiN8t,,,,,anonymous,EN,"Employed, working 30 or more hours per week","$20,000 - $39,999","White or Caucasian (Non-Hispanic),Asian American or Asian",Some college but no degree,26.0,Male,True,Real,,,Scam,,,Real,Click,,Scam,,,Real,,,Real,,,Real,,,Scam,,,Scam,,,Scam,,,True,True,8/10/2022 20:13,8/10/2022 20:15,IP Address,100,100,True,8/10/2022 20:15,R_vCdQ3KlFaD3sLKN,,,,,anonymous,EN,"Someone claiming to be from the IRS (but wasn't),Someone claiming to be from another government agency (but wasn't),Someone otherwise claiming to be from an organization or group they weren't really from,Someone selling fraudulent goods or services",No,,No,Not Sure,Some of the time,Some of the time,Often,"Yes, use the responses.",True,1,True,1,3,4,0,Keep,False,False,24,False,30,A,E,13,26.0,0,676.0,3.4011973816621555,False,True,True,True,False,0.0,9,4.7,3.25,3,2.3333333333333335,6,2,2,3,3,2,3,1,0,3,3,0,2,2,1,5,5,0,True,True,True,True,True,False,False,False,False,True,False,60.0,50.0,75.0,50.0,50.0,75.0,60.0,60.0
33,2022-08-10 20:06:00,8/10/2022 20:11,IP Address,100,310,True,8/10/2022 20:11,R_RkP6PHTwqwh3w2d,,,,,anonymous,EN,,Yes,,Chrome,104.0.0.0,Windows NT 10.0,2560x1440,Quite a lot,Frustrated,Only some of the time,Government should do more to solve problems.,Agree,Disagree,Slightly Disagree,Agree,Disagree,Slightly Disagree,Slightly Agree,Slightly Disagree,Slightly Agree,Agree,Agree,Slightly Agree,Agree,Slightly Agree,Agree,Slightly Agree,Slightly Agree,Agree,Once a week,,arm4_interactive,6041d4362d9bef1db5a7beff,6041d4362d9bef1db5a7beff,3,0,Real,,Details,Real,,,Scam,,Details,Real,,,Real,,,Real,,,Real,,Details,Real,,Details,True,True,8/10/2022 20:15,8/10/2022 20:16,IP Address,100,63,True,8/10/2022 20:16,R_3IQLZTZvNvfCEte,,,,,anonymous,EN,"Employed, working 1-29 hours per week","$60,000 - $79,999",Hispanic,Some college but no degree,34.0,Male,True,Real,,,Scam,,Details,Real,,,Scam,,,Real,,Details,Real,,,Real,,Details,Real,,,Scam,,,Scam,,,True,True,8/10/2022 20:20,8/10/2022 20:21,IP Address,100,98,True,8/10/2022 20:21,R_2TAb86Pp8a6apI9,,,,,anonymous,EN,"Someone claiming to be from the Social Security Administration (but wasn't),Someone claiming to be from the IRS (but wasn't),Someone claiming to be from another government agency (but wasn't),Someone claiming to be from the company where you work (but wasn't),Someone otherwise claiming to be from an organization or group they weren't really from,Someone selling fraudulent goods or services",No,,Not Sure,Yes,Some of the time,Hardly ever,Some of the time,"Yes, use the responses.",True,1,True,3,3,4,0,Keep,False,False,24,False,70,H,U,13,34.0,0,1156.0,4.248495242049359,True,True,True,True,False,0.0,10,5.5,4.5,5,1.6666666666666667,7,2,1,4,3,3,3,1,0,4,3,1,2,2,1,6,4,0,True,True,True,True,True,False,False,True,False,True,False,70.0,75.0,75.0,50.0,66.66666666666666,75.0,60.0,80.0
31,2022-08-10 20:07:00,8/10/2022 20:10,IP Address,100,179,True,8/10/2022 20:10,R_2zptQlhMNEtRJom,,,,,anonymous,EN,,Yes,,Chrome,96.0.4664.104,Android 9,412x846,Some,Frustrated,Only some of the time,Government should do more to solve problems.,Neither Agree nor Disagree,Slightly Agree,Slightly Disagree,Agree,Slightly Agree,Slightly Agree,Strongly Agree,Slightly Agree,Slightly Agree,Slightly Agree,Slightly Agree,Slightly Disagree,Slightly Agree,Slightly Agree,Neither Agree nor Disagree,Slightly Agree,Slightly Disagree,Slightly Disagree,Once a week,,arm1_control,62f2fcb8232d903d57e64e0f,62f2fcb8232d903d57e64e0f,4,0,,,,,,,,,,,,,,,,,,,,,,,,,False,False,8/10/2022 20:10,8/10/2022 20:11,IP Address,100,63,True,8/10/2022 20:11,R_3lrF3N2n8XPjCdo,,,,,anonymous,EN,"Employed, working 30 or more hours per week","$60,000 - $79,999",White or Caucasian (Non-Hispanic),Associate degree,35.0,Male,True,Real,,,Scam,,Details,Real,,,Scam,,,Real,,Details,Real,,,Real,,Details,Real,,Details,Real,,,Real,,,True,True,8/10/2022 20:13,8/10/2022 20:14,IP Address,100,67,True,8/10/2022 20:14,R_1myE8Lhxp0lmvxn,,,,,anonymous,EN,Someone claiming to be from another government agency (but wasn't),No,,No,Yes,Hardly ever,Hardly ever,Hardly ever,"Yes, use the responses.",True,1,True,1,3,2,0,Keep,False,False,24,False,70,W,E,14,35.0,0,1225.0,4.248495242049359,False,True,False,True,False,0.0,9,4.3,3.5,5,1.0,7,3,0,5,2,3,3,1,0,4,3,1,2,2,1,8,2,0,True,True,True,True,True,False,False,True,True,False,False,70.0,75.0,75.0,50.0,66.66666666666666,75.0,40.0,100.0
32,2022-08-10 20:07:00,8/10/2022 20:10,IP Address,100,203,True,8/10/2022 20:10,R_3HOn5mqDqNguhj2,,,,,anonymous,EN,,Yes,,Chrome,104.0.0.0,Windows NT 10.0,1920x1080,Some,Angry,Only some of the time,Government should do more to solve problems.,Agree,Slightly Agree,Slightly Agree,Agree,Disagree,Disagree,Agree,Disagree,Agree,Agree,Agree,Slightly Agree,Slightly Agree,Neither Agree nor Disagree,Agree,Neither Agree nor Disagree,Slightly Agree,Slightly Agree,Once a week,,arm4_interactive,5c297e03da51990001e341d1,5c297e03da51990001e341d1,4,0,Real,,,Real,,,Scam,,Details,Real,,,Real,,,Real,,,Scam,,Details,Real,,,True,True,8/10/2022 20:14,8/10/2022 20:14,IP Address,100,28,True,8/10/2022 20:14,R_2f7DSae6Epqtphp,,,,,anonymous,EN,"Employed, working 30 or more hours per week","$0 - $19,999",Asian American or Asian,Bachelor degree,32.0,Male,True,Real,,,Scam,,Details,Real,,,Scam,,,Real,,Details,Scam,,,Real,,Details,Real,,Details,Scam,,,Scam,,,True,True,8/10/2022 20:17,8/10/2022 20:18,IP Address,100,46,True,8/10/2022 20:18,R_AdIabozCFmaUaFb,,,,,anonymous,EN,Other,No,,No,No,Hardly ever,Hardly ever,Hardly ever,"Yes, use the responses.",True,1,True,2,0,0,0,Keep,False,False,24,False,10,A,E,16,32.0,0,1024.0,2.302585092994046,False,False,False,True,False,0.0,8,5.2,5.25,5,1.0,8,1,1,4,4,3,4,1,0,4,4,1,2,2,2,5,5,0,True,True,True,True,True,True,False,True,False,True,False,80.0,75.0,100.0,50.0,66.66666666666666,100.0,80.0,80.0
34,2022-08-10 20:07:00,8/10/2022 20:11,IP Address,100,282,True,8/10/2022 20:11,R_1lmyllBtQSZ2Shg,,,,,anonymous,EN,,Yes,,Safari iPhone,15,iPhone,390x844,Quite a lot,Frustrated,Most of the time,Government is doing too many things better left to businesses and individuals.,Agree,Slightly Agree,Agree,Agree,Slightly Disagree,Slightly Disagree,Strongly Agree,Slightly Agree,Agree,Neither Agree nor Disagree,Agree,Agree,Slightly Agree,Agree,Slightly Agree,Agree,Slightly Agree,Neither Agree nor Disagree,A few times a week / Daily,,arm1_control,5c26ff27bbcebf0001cc8eeb,5c26ff27bbcebf0001cc8eeb,4,0,,,,,,,,,,,,,,,,,,,,,,,,,False,False,8/10/2022 20:11,8/10/2022 20:13,IP Address,100,103,True,8/10/2022 20:13,R_214XXJNJr29PLTk,,,,,anonymous,EN,"Employed, working 30 or more hours per week","$80,000 - $99,999",White or Caucasian (Non-Hispanic),Some college but no degree,34.0,Male,True,Real,,,Scam,,Details,Real,,,Scam,,,Real,,Details,Scam,,,Real,,Details,Real,,Details,Real,,,Scam,,,True,True,8/10/2022 20:15,8/10/2022 20:16,IP Address,100,59,True,8/10/2022 20:16,R_u8R3gHW0lXEE0dX,,,,,anonymous,EN,"Someone claiming to be from the IRS (but wasn't),Someone otherwise claiming to be from an organization or group they weren't really from,Someone selling fraudulent goods or services",No,,No,No,Some of the time,Hardly ever,Hardly ever,"Yes, use the responses.",True,1,True,3,4,1,0,Keep,False,False,24,False,90,W,E,13,34.0,0,1156.0,4.499809670330265,False,True,True,True,False,0.0,10,5.3,4.625,6,1.3333333333333333,9,1,0,5,4,3,4,2,0,5,4,1,2,2,2,6,4,0,True,True,True,True,True,True,False,True,True,True,False,90.0,75.0,100.0,100.0,83.33333333333334,100.0,80.0,100.0
37,2022-08-10 20:07:00,8/10/2022 20:19,IP Address,100,675,True,8/10/2022 20:19,R_1Izuz3XsLxwFFyA,,,,,anonymous,EN,,Yes,,Firefox,103,Windows NT 10.0,1920x1080,Very little,Frustrated,Only some of the time,Government should do more to solve problems.,Disagree,Disagree,Strongly Disagree,Disagree,Agree,Agree,Strongly Agree,Strongly Agree,Slightly Agree,Slightly Agree,Slightly Agree,Slightly Agree,Slightly Agree,Agree,Neither Agree nor Disagree,Slightly Agree,Neither Agree nor Disagree,Neither Agree nor Disagree,A few times a year,,arm4_interactive,62e1bf9ce3a9718e9ddc9a66,62e1bf9ce3a9718e9ddc9a66,4,0,Real,,,Real,,,Scam,,Details,Real,,,Scam,,,Real,,,Real,,Details,Scam,,Details,True,True,8/10/2022 20:24,8/10/2022 20:26,IP Address,100,113,True,8/10/2022 20:26,R_2D7yFMnESVqfBv0,,,,,anonymous,EN,"Not employed, looking for work","$20,000 - $39,999",Other,Some high school,19.0,Male,True,Scam,,,Real,,Details,Real,,,Scam,,,Real,,Details,Real,,,Scam,,Details,Real,,Details,Real,,,Scam,,,True,True,8/10/2022 20:33,8/10/2022 20:34,IP Address,100,77,True,8/10/2022 20:34,R_2CJ8ntY2ekaAckm,,,,,anonymous,EN,Someone selling fraudulent goods or services,No,,No,No,Some of the time,Some of the time,Some of the time,"Yes, use the responses.",True,1,True,4,4,2,0,Keep,False,False,24,False,30,O,U,8,19.0,0,361.0,3.4011973816621555,False,False,True,True,False,0.0,8,4.8,1.625,3,2.0,7,2,1,4,3,3,2,2,0,6,1,2,1,2,0,6,4,0,False,False,True,True,True,False,True,True,True,True,False,70.0,75.0,50.0,100.0,100.0,25.0,60.0,80.0
35,2022-08-10 20:09:00,8/10/2022 20:13,IP Address,100,261,True,8/10/2022 20:13,R_2eRrGQdC3Q62Sd0,,,,,anonymous,EN,,Yes,,Chrome,104.0.0.0,Windows NT 10.0,1600x900,Some,Frustrated,Only some of the time,Government is doing too many things better left to businesses and individuals.,Disagree,Disagree,Disagree,Slightly Disagree,Agree,Agree,Agree,Agree,Slightly Agree,Neither Agree nor Disagree,Slightly Agree,Neither Agree nor Disagree,Neither Agree nor Disagree,Neither Agree nor Disagree,Slightly Disagree,Neither Agree nor Disagree,Neither Agree nor Disagree,Neither Agree nor Disagree,Once a month,,arm1_control,62f2ba17508d6d06d9ad12c9,62f2ba17508d6d06d9ad12c9,0,0,,,,,,,,,,,,,,,,,,,,,,,,,False,False,8/10/2022 20:13,8/10/2022 20:14,IP Address,100,55,True,8/10/2022 20:14,R_3ELIUYLnTZX4ULA,,,,,anonymous,EN,"Employed, working 30 or more hours per week","$0 - $19,999",White or Caucasian (Non-Hispanic),Bachelor degree,38.0,Male,True,Real,,,Scam,,,Real,,,Real,,,Scam,,,Real,,,Scam,,,Scam,,,Scam,,,Scam,,,True,True,8/10/2022 20:16,8/10/2022 20:18,IP Address,100,123,True,8/10/2022 20:18,R_zeSbDNVIilShkmB,,,,,anonymous,EN,Other,No,,No,No,Some of the time,Some of the time,Some of the time,"Yes, use the responses.",True,1,True,3,2,4,0,Keep,False,False,24,False,10,W,E,16,38.0,0,1444.0,2.302585092994046,False,False,False,True,False,0.0,8,4.1,2.125,4,2.0,5,2,3,2,3,2,2,1,0,3,2,1,1,1,1,4,6,0,True,True,True,False,False,False,True,False,False,True,False,50.0,50.0,50.0,50.0,50.0,50.0,60.0,40.0
36,2022-08-10 20:12:00,8/10/2022 20:16,IP Address,100,258,True,8/10/2022 20:16,R_1MNdSNjUXPiu1Rs,,,,,anonymous,EN,,Yes,,Edge,104.0.1293.47,Windows NT 10.0,1536x864,Quite a lot,Frustrated,Most of the time,Government should do more to solve problems.,Slightly Agree,Slightly Agree,Slightly Agree,Slightly Agree,Agree,Slightly Agree,Agree,Slightly Agree,Slightly Agree,Slightly Agree,Agree,Slightly Agree,Agree,Slightly Agree,Agree,Agree,Agree,Agree,A few times a year,,arm1_control,5ee93b8a0757731be7ee6374,5ee93b8a0757731be7ee6374,0,0,,,,,,,,,,,,,,,,,,,,,,,,,False,False,8/10/2022 20:16,8/10/2022 20:18,IP Address,100,96,True,8/10/2022 20:18,R_1mK42RlBh3bCMfX,,,,,anonymous,EN,"Disabled, not able to work","$20,000 - $39,999",White or Caucasian (Non-Hispanic),"High school degree or equivalent (e.g., GED)",63.0,Male,True,Real,,,Scam,,,Real,,,Real,,,Real,,,Real,,,Real,,,Scam,,,Scam,,,Scam,,,True,True,8/10/2022 20:20,8/10/2022 20:22,IP Address,100,88,True,8/10/2022 20:22,R_3M36Kxvs0JSwsbE,,,,,anonymous,EN,Someone selling fraudulent goods or services,No,,No,No,Some of the time,Hardly ever,Hardly ever,"Yes, use the responses.",True,1,True,2,4,3,0,Keep,False,False,24,False,30,W,R,12,63.0,0,3969.0,3.4011973816621555,False,False,True,True,False,0.0,11,5.6,3.75,3,1.3333333333333333,5,3,2,3,2,2,2,1,0,2,3,0,2,1,1,6,4,0,True,True,True,False,True,False,False,False,False,True,False,50.0,50.0,50.0,50.0,33.33333333333333,75.0,40.0,60.0
39,2022-08-10 20:23:00,8/10/2022 20:27,IP Address,100,205,True,8/10/2022 20:27,R_2tFLxffcvY6H0ZJ,,,,,anonymous,EN,,Yes,,Chrome,104.0.5112.81,Macintosh,2048x1280,Some,Frustrated,Only some of the time,Government should do more to solve problems.,Disagree,Disagree,Slightly Disagree,Slightly Disagree,Slightly Agree,Slightly Agree,Slightly Agree,Slightly Agree,Disagree,Slightly Disagree,Slightly Disagree,Strongly Disagree,Disagree,Strongly Disagree,Disagree,Disagree,Slightly Disagree,Strongly Disagree,Once a week,,arm1_control,62f2caca148672113a813110,62f2caca148672113a813110,3,1,,,,,,,,,,,,,,,,,,,,,,,,,False,False,8/10/2022 20:27,8/10/2022 20:28,IP Address,100,70,True,8/10/2022 20:28,R_3R8yZMpxrLzc3Ed,,,,,anonymous,EN,"Employed, working 30 or more hours per week","$60,000 - $79,999",White or Caucasian (Non-Hispanic),Bachelor degree,57.0,Male,True,Real,,,Scam,,Details,Real,,,Scam,,,Real,,Details,Scam,Click,,Real,,Details,Real,,,Scam,,,Scam,,,True,True,8/10/2022 20:33,8/10/2022 20:34,IP Address,100,85,True,8/10/2022 20:34,R_3gOfJ8pKqkQ7IWJ,,,,,anonymous,EN,"Someone claiming to be from another government agency (but wasn't),Someone selling fraudulent goods or services",Yes,1500.0,No,No,Hardly ever,Hardly ever,Some of the time,"Yes, use the responses.",True,1,True,2,3,3,0,Keep,False,False,24,False,70,W,E,16,57.0,0,3249.0,4.248495242049359,False,True,True,True,True,1500.0,9,2.0,2.75,5,1.3333333333333333,8,1,1,4,4,3,4,1,0,4,4,1,2,2,2,5,5,0,True,True,True,True,True,True,False,True,False,True,False,80.0,75.0,100.0,50.0,66.66666666666666,100.0,80.0,80.0
